[INFO] Scanning for projects...
[INFO] 
[INFO] ---------------< io.github.danielmelejpinto:pedido-api >----------------
[INFO] Building pedido-api 0.0.1-SNAPSHOT
[INFO]   from pom.xml
[INFO] --------------------------------[ jar ]---------------------------------
[INFO] 
[INFO] >>> spring-boot:4.1.1:run (default-cli) > test-compile @ pedido-api >>>
[INFO] 
[INFO] --- resources:3.5.0:resources (default-resources) @ pedido-api ---
[INFO] Copying 3 resources from src/main/resources to target/classes
[INFO] Copying 3 resources from src/main/resources to target/classes
[INFO] 
[INFO] --- compiler:3.15.0:compile (default-compile) @ pedido-api ---
[INFO] Nothing to compile - all classes are up to date.
[INFO] 
[INFO] --- resources:3.5.0:testResources (default-testResources) @ pedido-api ---
[INFO] Copying 2 resources from src/test/resources to target/test-classes
[INFO] 
[INFO] --- compiler:3.15.0:testCompile (default-testCompile) @ pedido-api ---
[INFO] Nothing to compile - all classes are up to date.
[INFO] 
[INFO] <<< spring-boot:4.1.1:run (default-cli) < test-compile @ pedido-api <<<
[INFO] 
[INFO] 
[INFO] --- spring-boot:4.1.1:run (default-cli) @ pedido-api ---
[INFO] Attaching agents: []

  .   ____          _            __ _ _
 /\\ / ___'_ __ _ _(_)_ __  __ _ \ \ \ \
( ( )\___ | '_ | '_| | '_ \/ _` | \ \ \ \
 \\/  ___)| |_)| | | | | || (_| |  ) ) ) )
  '  |____| .__|_| |_|_| |_\__, | / / / /
 =========|_|==============|___/=/_/_/_/

 :: Spring Boot ::                (v4.1.1)

2026-09-30T23:50:34.935-03:00  INFO 14492 --- [pedido-api] [           main] i.g.d.pedidoapi.PedidoApiApplication     : Starting PedidoApiApplication using Java 21.0.12.1 with PID 14492 (/Users/danielmelej/Desktop/Proyectos/e-commerce/pedido-api/target/classes started by danielmelej in /Users/danielmelej/Desktop/Proyectos/e-commerce/pedido-api)
2026-09-30T23:50:34.936-03:00  INFO 14492 --- [pedido-api] [           main] i.g.d.pedidoapi.PedidoApiApplication     : No active profile set, falling back to 1 default profile: "default"
2026-09-30T23:50:34.936-03:00 DEBUG 14492 --- [pedido-api] [           main] o.s.boot.SpringApplication               : Loading source class io.github.danielmelejpinto.pedidoapi.PedidoApiApplication
2026-09-30T23:50:34.954-03:00 DEBUG 14492 --- [pedido-api] [           main] ConfigServletWebServerApplicationContext : Refreshing org.springframework.boot.web.server.servlet.context.AnnotationConfigServletWebServerApplicationContext@65b3a85a
2026-09-30T23:50:35.294-03:00  INFO 14492 --- [pedido-api] [           main] .s.d.r.c.RepositoryConfigurationDelegate : Bootstrapping Spring Data JPA repositories in DEFAULT mode.
2026-09-30T23:50:35.301-03:00 DEBUG 14492 --- [pedido-api] [           main] o.s.b.a.AutoConfigurationPackages        : @EnableAutoConfiguration was declared on a class in the package 'io.github.danielmelejpinto.pedidoapi'. Automatic @Repository and @Entity scanning is enabled.
2026-09-30T23:50:35.311-03:00  INFO 14492 --- [pedido-api] [           main] .s.d.r.c.RepositoryConfigurationDelegate : Finished Spring Data repository scanning in 13 ms. Found 2 JPA repository interfaces.
2026-09-30T23:50:35.390-03:00  INFO 14492 --- [pedido-api] [           main] o.s.cloud.context.scope.GenericScope     : BeanFactory id=7dfba265-6a92-384e-a653-fe788e46f59a
2026-09-30T23:50:35.649-03:00 DEBUG 14492 --- [pedido-api] [           main] o.s.b.t.s.TomcatServletWebServerFactory  : Code archive: /Users/danielmelej/.m2/repository/org/springframework/boot/spring-boot-web-server/4.1.1/spring-boot-web-server-4.1.1.jar
2026-09-30T23:50:35.649-03:00 DEBUG 14492 --- [pedido-api] [           main] o.s.b.t.s.TomcatServletWebServerFactory  : Code archive: /Users/danielmelej/.m2/repository/org/springframework/boot/spring-boot-web-server/4.1.1/spring-boot-web-server-4.1.1.jar
2026-09-30T23:50:35.649-03:00 DEBUG 14492 --- [pedido-api] [           main] o.s.b.t.s.TomcatServletWebServerFactory  : None of the document roots [src/main/webapp, public, static] point to a directory and will be ignored.
2026-09-30T23:50:35.657-03:00  INFO 14492 --- [pedido-api] [           main] o.s.boot.tomcat.TomcatWebServer          : Tomcat initialized with port 8083 (http)
2026-09-30T23:50:35.663-03:00  INFO 14492 --- [pedido-api] [           main] o.apache.catalina.core.StandardService   : Starting service [Tomcat]
2026-09-30T23:50:35.663-03:00  INFO 14492 --- [pedido-api] [           main] o.apache.catalina.core.StandardEngine    : Starting Servlet engine: [Apache Tomcat/11.0.24]
2026-09-30T23:50:35.685-03:00 DEBUG 14492 --- [pedido-api] [           main] b.w.c.s.WebApplicationContextInitializer : Published root WebApplicationContext as ServletContext attribute with name [org.springframework.web.context.WebApplicationContext.ROOT]
2026-09-30T23:50:35.685-03:00  INFO 14492 --- [pedido-api] [           main] b.w.c.s.WebApplicationContextInitializer : Root WebApplicationContext: initialization completed in 731 ms
2026-09-30T23:50:35.784-03:00 DEBUG 14492 --- [pedido-api] [           main] o.s.b.w.s.ServletContextInitializerBeans : Mapping filters: webMvcObservationFilter urls=[/*] order=-2147483647, springSecurityFilterChain urls=[/*] order=-100, characterEncodingFilter urls=[/*] order=-2147483648, formContentFilter urls=[/*] order=-9900, requestContextFilter urls=[/*] order=-105, jwtAuthenticationFilter urls=[/*] order=2147483647
2026-09-30T23:50:35.784-03:00 DEBUG 14492 --- [pedido-api] [           main] o.s.b.w.s.ServletContextInitializerBeans : Mapping servlets: dispatcherServlet urls=[/]
2026-09-30T23:50:35.793-03:00 DEBUG 14492 --- [pedido-api] [           main] o.s.b.s.f.OrderedRequestContextFilter    : Filter 'requestContextFilter' configured for use
2026-09-30T23:50:35.794-03:00 DEBUG 14492 --- [pedido-api] [           main] o.s.w.f.ServerHttpObservationFilter      : Filter 'webMvcObservationFilter' configured for use
2026-09-30T23:50:35.794-03:00 DEBUG 14492 --- [pedido-api] [           main] o.s.b.s.f.OrderedCharacterEncodingFilter : Filter 'characterEncodingFilter' configured for use
2026-09-30T23:50:35.794-03:00 DEBUG 14492 --- [pedido-api] [           main] .DelegatingFilterProxyRegistrationBean$1 : Filter 'springSecurityFilterChain' configured for use
2026-09-30T23:50:35.794-03:00 DEBUG 14492 --- [pedido-api] [           main] o.s.b.s.filter.OrderedFormContentFilter  : Filter 'formContentFilter' configured for use
2026-09-30T23:50:35.859-03:00  INFO 14492 --- [pedido-api] [           main] org.hibernate.orm.jpa                    : HHH008540: Processing PersistenceUnitInfo [name: default]
2026-09-30T23:50:35.878-03:00  INFO 14492 --- [pedido-api] [           main] org.hibernate.orm.core                   : HHH000001: Hibernate ORM core version 7.4.5.Final
2026-09-30T23:50:36.006-03:00  INFO 14492 --- [pedido-api] [           main] o.s.o.j.p.SpringPersistenceUnitInfo      : No LoadTimeWeaver setup: ignoring JPA class transformer
2026-09-30T23:50:36.017-03:00  INFO 14492 --- [pedido-api] [           main] com.zaxxer.hikari.HikariDataSource       : HikariPool-1 - Starting...
2026-09-30T23:50:36.081-03:00  INFO 14492 --- [pedido-api] [           main] com.zaxxer.hikari.pool.HikariPool        : HikariPool-1 - Added connection conn0: url=jdbc:h2:mem:pedidodb user=SA
2026-09-30T23:50:36.081-03:00  INFO 14492 --- [pedido-api] [           main] com.zaxxer.hikari.HikariDataSource       : HikariPool-1 - Start completed.
2026-09-30T23:50:36.090-03:00  WARN 14492 --- [pedido-api] [           main] org.hibernate.orm.deprecation            : HHH90000025: H2Dialect does not need to be specified explicitly using 'hibernate.dialect' (remove the property setting and it will be selected by default)
2026-09-30T23:50:36.097-03:00  INFO 14492 --- [pedido-api] [           main] org.hibernate.orm.connections.pooling    : HHH10001005: Database info:
	Database JDBC URL [jdbc:h2:mem:pedidodb]
	Database driver: H2 JDBC Driver
	Database dialect: H2Dialect
	Database version: 2.4.240
	Default catalog/schema: PEDIDODB/PUBLIC
	Autocommit mode: undefined/unknown
	Isolation level: READ_COMMITTED [default READ_COMMITTED]
	JDBC fetch size: 100
	Pool: DataSourceConnectionProvider
	Minimum pool size: undefined/unknown
	Maximum pool size: undefined/unknown
2026-09-30T23:50:36.417-03:00  INFO 14492 --- [pedido-api] [           main] org.hibernate.orm.core                   : HHH000489: No JTA platform available (set 'hibernate.transaction.jta.platform' to enable JTA platform integration)
2026-09-30T23:50:36.433-03:00 ERROR 14492 --- [pedido-api] [           main] j.LocalContainerEntityManagerFactoryBean : Failed to initialize JPA EntityManagerFactory: Unable to build Hibernate SessionFactory  [persistence unit: default] ; nested exception is org.hibernate.tool.schema.spi.SchemaManagementException: Schema validation: missing table [claves_idempotencia]
2026-09-30T23:50:36.433-03:00  WARN 14492 --- [pedido-api] [           main] ConfigServletWebServerApplicationContext : Exception encountered during context initialization - cancelling refresh attempt: org.springframework.beans.factory.BeanCreationException: Error creating bean with name 'entityManagerFactory' defined in class path resource [org/springframework/boot/hibernate/autoconfigure/HibernateJpaConfiguration.class]: Unable to build Hibernate SessionFactory  [persistence unit: default] ; nested exception is org.hibernate.tool.schema.spi.SchemaManagementException: Schema validation: missing table [claves_idempotencia]
2026-09-30T23:50:36.433-03:00  INFO 14492 --- [pedido-api] [           main] com.zaxxer.hikari.HikariDataSource       : HikariPool-1 - Shutdown initiated...
2026-09-30T23:50:36.458-03:00  INFO 14492 --- [pedido-api] [           main] com.zaxxer.hikari.HikariDataSource       : HikariPool-1 - Shutdown completed.
2026-09-30T23:50:36.459-03:00  INFO 14492 --- [pedido-api] [           main] o.apache.catalina.core.StandardService   : Stopping service [Tomcat]
2026-09-30T23:50:36.468-03:00 DEBUG 14492 --- [pedido-api] [           main] .s.b.a.l.ConditionEvaluationReportLogger : 


============================
CONDITIONS EVALUATION REPORT
============================


Positive matches:
-----------------

   AopAutoConfiguration matched:
      - @ConditionalOnBooleanProperty (spring.aop.auto=true) matched (OnPropertyCondition)

   AopAutoConfiguration.AspectJAutoProxyingConfiguration matched:
      - @ConditionalOnClass found required class 'org.aspectj.weaver.Advice' (OnClassCondition)

   AopAutoConfiguration.AspectJAutoProxyingConfiguration.CglibAutoProxyConfiguration matched:
      - @ConditionalOnBooleanProperty (spring.aop.proxy-target-class=true) matched (OnPropertyCondition)

   ApplicationAvailabilityAutoConfiguration#applicationAvailability matched:
      - @ConditionalOnMissingBean (types: org.springframework.boot.availability.ApplicationAvailability; SearchStrategy: all) did not find any beans (OnBeanCondition)

   AutoServiceRegistrationAutoConfiguration matched:
      - @ConditionalOnProperty (spring.cloud.service-registry.auto-registration.enabled) matched (OnPropertyCondition)

   AutoServiceRegistrationConfiguration matched:
      - @ConditionalOnProperty (spring.cloud.service-registry.auto-registration.enabled) matched (OnPropertyCondition)

   AvailabilityHealthContributorAutoConfiguration matched:
      - @ConditionalOnClass found required class 'org.springframework.boot.health.contributor.Health' (OnClassCondition)

   AvailabilityProbesAutoConfiguration matched:
      - @ConditionalOnClass found required class 'org.springframework.boot.actuate.endpoint.annotation.Endpoint' (OnClassCondition)
      - @ConditionalOnBooleanProperty (management.endpoint.health.probes.enabled=true) matched (OnPropertyCondition)

   AvailabilityProbesAutoConfiguration#livenessStateHealthIndicator matched:
      - @ConditionalOnMissingBean (names: livenessStateHealthIndicator; SearchStrategy: all) did not find any beans (OnBeanCondition)

   AvailabilityProbesAutoConfiguration#readinessStateHealthIndicator matched:
      - @ConditionalOnMissingBean (names: readinessStateHealthIndicator; SearchStrategy: all) did not find any beans (OnBeanCondition)

   CircuitBreakerAutoConfiguration matched:
      - @ConditionalOnClass found required class 'io.github.resilience4j.circuitbreaker.CircuitBreaker' (OnClassCondition)

   CircuitBreakerAutoConfiguration#circuitBreakerAspect matched:
      - @ConditionalOnMissingBean (types: io.github.resilience4j.spring6.circuitbreaker.configure.CircuitBreakerAspect; SearchStrategy: all) did not find any beans (OnBeanCondition)

   CircuitBreakerAutoConfiguration#eventConsumerRegistry matched:
      - @ConditionalOnMissingBean (types: io.github.resilience4j.circuitbreaker.event.CircuitBreakerEvent; SearchStrategy: all) did not find any beans (OnBeanCondition)

   CircuitBreakerAutoConfiguration.CircuitBreakerEndpointAutoConfiguration matched:
      - @ConditionalOnClass found required class 'org.springframework.boot.actuate.endpoint.annotation.Endpoint' (OnClassCondition)

   CircuitBreakerMetricsAutoConfiguration matched:
      - @ConditionalOnClass found required classes 'io.micrometer.core.instrument.MeterRegistry', 'io.github.resilience4j.circuitbreaker.CircuitBreaker', 'io.github.resilience4j.micrometer.tagged.TaggedCircuitBreakerMetricsPublisher' (OnClassCondition)
      - @ConditionalOnProperty (resilience4j.circuitbreaker.metrics.enabled) matched (OnPropertyCondition)

   CircuitBreakerMetricsAutoConfiguration#taggedCircuitBreakerMetricsPublisher matched:
      - @ConditionalOnProperty (resilience4j.circuitbreaker.metrics.legacy.enabled=false) matched (OnPropertyCondition)
      - @ConditionalOnBean (types: io.micrometer.core.instrument.MeterRegistry; SearchStrategy: all) found bean 'prometheusMeterRegistry'; @ConditionalOnMissingBean (types: io.github.resilience4j.micrometer.tagged.TaggedCircuitBreakerMetricsPublisher; SearchStrategy: all) did not find any beans (OnBeanCondition)

   CircuitBreakerRefreshScopedRegistryAutoConfiguration matched:
      - @ConditionalOnClass found required classes 'io.github.resilience4j.circuitbreaker.CircuitBreaker', 'org.springframework.cloud.context.config.annotation.RefreshScope' (OnClassCondition)
      - @ConditionalOnBean (types: org.springframework.cloud.context.scope.refresh.RefreshScope; SearchStrategy: all) found bean 'refreshScope' (OnBeanCondition)

   CircuitBreakerRefreshScopedRegistryAutoConfiguration#circuitBreakerRegistry matched:
      - @ConditionalOnMissingBean (types: io.github.resilience4j.circuitbreaker.CircuitBreakerRegistry; SearchStrategy: all) did not find any beans (OnBeanCondition)

   CircuitBreakersHealthIndicatorAutoConfiguration matched:
      - @ConditionalOnClass found required classes 'io.github.resilience4j.circuitbreaker.CircuitBreaker', 'org.springframework.boot.health.contributor.HealthIndicator', 'org.springframework.boot.health.autoconfigure.contributor.HealthContributorAutoConfiguration', 'org.springframework.boot.health.actuate.endpoint.StatusAggregator' (OnClassCondition)

   CommonsClientAutoConfiguration.ActuatorConfiguration matched:
      - @ConditionalOnClass found required class 'org.springframework.boot.actuate.endpoint.annotation.Endpoint' (OnClassCondition)
      - @ConditionalOnProperty (spring.cloud.features.enabled) matched (OnPropertyCondition)

   CommonsClientAutoConfiguration.CircuitBreakerInterfaceClientsAutoConfiguration matched:
      - @ConditionalOnClass found required classes 'org.springframework.cloud.client.circuitbreaker.CircuitBreaker', 'org.springframework.web.client.support.RestClientHttpServiceGroupConfigurer' (OnClassCondition)
      - @ConditionalOnProperty (spring.cloud.circuitbreaker.http-services.enabled=true) matched (OnPropertyCondition)
      - @ConditionalOnBean (types: org.springframework.cloud.client.circuitbreaker.CircuitBreakerFactory; SearchStrategy: all) found bean 'resilience4jCircuitBreakerFactory' (OnBeanCondition)

   CommonsClientAutoConfiguration.DiscoveryLoadBalancerConfiguration matched:
      - @ConditionalOnClass found required class 'org.springframework.boot.health.contributor.HealthIndicator' (OnClassCondition)
      - @ConditionalOnProperty (spring.cloud.discovery.enabled) matched; @ConditionalOnProperty (spring.cloud.discovery.blocking.enabled) matched (OnPropertyCondition)
      - @ConditionalOnBean (types: org.springframework.cloud.client.discovery.DiscoveryClient; SearchStrategy: all) found beans 'simpleDiscoveryClient', 'compositeDiscoveryClient' (OnBeanCondition)

   CommonsClientAutoConfiguration.DiscoveryLoadBalancerConfiguration#discoveryClientHealthIndicator matched:
      - @ConditionalOnProperty (spring.cloud.discovery.client.health-indicator.enabled) matched (OnPropertyCondition)

   CommonsClientAutoConfiguration.DiscoveryLoadBalancerConfiguration#discoveryCompositeHealthContributor matched:
      - @ConditionalOnProperty (spring.cloud.discovery.client.composite-indicator.enabled) matched (OnPropertyCondition)
      - @ConditionalOnBean (types: org.springframework.cloud.client.discovery.health.DiscoveryHealthIndicator; SearchStrategy: all) found bean 'discoveryClientHealthIndicator' (OnBeanCondition)

   CompositeMeterRegistryAutoConfiguration matched:
      - @ConditionalOnClass found required class 'io.micrometer.core.instrument.composite.CompositeMeterRegistry' (OnClassCondition)

   ConfigurationPropertiesRebinderAutoConfiguration matched:
      - @ConditionalOnBean (types: org.springframework.boot.context.properties.ConfigurationPropertiesBindingPostProcessor; SearchStrategy: all) found bean 'org.springframework.boot.context.properties.ConfigurationPropertiesBindingPostProcessor' (OnBeanCondition)

   ConfigurationPropertiesRebinderAutoConfiguration#configurationPropertiesBeans matched:
      - @ConditionalOnMissingBean (types: org.springframework.cloud.context.properties.ConfigurationPropertiesBeans; SearchStrategy: current) did not find any beans (OnBeanCondition)

   ConfigurationPropertiesRebinderAutoConfiguration#configurationPropertiesRebinder matched:
      - @ConditionalOnMissingBean (types: org.springframework.cloud.context.properties.ConfigurationPropertiesRebinder; SearchStrategy: current) did not find any beans (OnBeanCondition)

   DataJpaRepositoriesAutoConfiguration matched:
      - @ConditionalOnClass found required class 'org.springframework.data.jpa.repository.JpaRepository' (OnClassCondition)
      - @ConditionalOnBooleanProperty (spring.data.jpa.repositories.enabled=true) matched (OnPropertyCondition)
      - @ConditionalOnBean (types: javax.sql.DataSource; SearchStrategy: all) found bean 'dataSource'; @ConditionalOnMissingBean (types: org.springframework.data.jpa.repository.support.JpaRepositoryFactoryBean,org.springframework.data.jpa.repository.config.JpaRepositoryConfigExtension; SearchStrategy: all) did not find any beans (OnBeanCondition)

   DataRepositoryMetricsAutoConfiguration matched:
      - @ConditionalOnClass found required class 'org.springframework.data.repository.Repository' (OnClassCondition)
      - @ConditionalOnBean (types: io.micrometer.core.instrument.MeterRegistry; SearchStrategy: all) found bean 'prometheusMeterRegistry' (OnBeanCondition)

   DataRepositoryMetricsAutoConfiguration#metricsRepositoryMethodInvocationListener matched:
      - @ConditionalOnMissingBean (types: org.springframework.boot.data.metrics.MetricsRepositoryMethodInvocationListener; SearchStrategy: all) did not find any beans (OnBeanCondition)

   DataRepositoryMetricsAutoConfiguration#repositoryTagsProvider matched:
      - @ConditionalOnMissingBean (types: org.springframework.boot.data.metrics.RepositoryTagsProvider; SearchStrategy: all) did not find any beans (OnBeanCondition)

   DataSourceAutoConfiguration matched:
      - @ConditionalOnClass found required classes 'javax.sql.DataSource', 'org.springframework.jdbc.datasource.embedded.EmbeddedDatabaseType' (OnClassCondition)
      - @ConditionalOnMissingBean (types: io.r2dbc.spi.ConnectionFactory; SearchStrategy: all) did not find any beans (OnBeanCondition)

   DataSourceAutoConfiguration.PooledDataSourceConfiguration matched:
      - AnyNestedCondition 1 matched 1 did not; NestedCondition on DataSourceAutoConfiguration.PooledDataSourceCondition.PooledDataSourceAvailable PooledDataSource found supported DataSource; NestedCondition on DataSourceAutoConfiguration.PooledDataSourceCondition.ExplicitType @ConditionalOnProperty (spring.datasource.type) did not find property 'spring.datasource.type' (DataSourceAutoConfiguration.PooledDataSourceCondition)
      - @ConditionalOnMissingBean (types: javax.sql.DataSource,javax.sql.XADataSource; SearchStrategy: all) did not find any beans (OnBeanCondition)

   DataSourceAutoConfiguration.PooledDataSourceConfiguration#jdbcConnectionDetails matched:
      - @ConditionalOnMissingBean (types: org.springframework.boot.jdbc.autoconfigure.JdbcConnectionDetails; SearchStrategy: all) did not find any beans (OnBeanCondition)

   DataSourceConfiguration.Hikari matched:
      - @ConditionalOnClass found required class 'com.zaxxer.hikari.HikariDataSource' (OnClassCondition)
      - @ConditionalOnProperty (spring.datasource.type=com.zaxxer.hikari.HikariDataSource) matched (OnPropertyCondition)
      - @ConditionalOnMissingBean (types: javax.sql.DataSource; SearchStrategy: all) did not find any beans (OnBeanCondition)

   DataSourceHealthContributorAutoConfiguration matched:
      - @ConditionalOnClass found required classes 'org.springframework.jdbc.core.JdbcTemplate', 'org.springframework.jdbc.datasource.lookup.AbstractRoutingDataSource', 'org.springframework.boot.health.autoconfigure.contributor.ConditionalOnEnabledHealthIndicator' (OnClassCondition)
      - @ConditionalOnEnabledHealthIndicator management.health.defaults.enabled is considered true (OnEnabledHealthIndicatorCondition)
      - @ConditionalOnBean (types: javax.sql.DataSource; SearchStrategy: all) found bean 'dataSource' (OnBeanCondition)

   DataSourceHealthContributorAutoConfiguration#dbHealthContributor matched:
      - @ConditionalOnMissingBean (names: dbHealthIndicator,dbHealthContributor; SearchStrategy: all) did not find any beans (OnBeanCondition)

   DataSourceInitializationAutoConfiguration matched:
      - @ConditionalOnClass found required class 'org.springframework.jdbc.datasource.init.DatabasePopulator' (OnClassCondition)
      - SQL InitializationDatabase Initialization default value is EMBEDDED (OnSqlInitializationCondition)
      - @ConditionalOnSingleCandidate (types: javax.sql.DataSource; SearchStrategy: all) found a single bean 'dataSource'; @ConditionalOnMissingBean (types: org.springframework.boot.sql.autoconfigure.init.ApplicationScriptDatabaseInitializer; SearchStrategy: all) did not find any beans (OnBeanCondition)

   DataSourcePoolMetadataProvidersConfiguration.HikariPoolDataSourceMetadataProviderConfiguration matched:
      - @ConditionalOnClass found required class 'com.zaxxer.hikari.HikariDataSource' (OnClassCondition)

   DataSourcePoolMetricsAutoConfiguration matched:
      - @ConditionalOnClass found required classes 'javax.sql.DataSource', 'io.micrometer.core.instrument.MeterRegistry' (OnClassCondition)
      - @ConditionalOnBean (types: javax.sql.DataSource,io.micrometer.core.instrument.MeterRegistry; SearchStrategy: all) found beans 'prometheusMeterRegistry', 'dataSource' (OnBeanCondition)

   DataSourcePoolMetricsAutoConfiguration.DataSourcePoolMetadataMetricsConfiguration matched:
      - @ConditionalOnBean (types: org.springframework.boot.jdbc.metadata.DataSourcePoolMetadataProvider; SearchStrategy: all) found bean 'hikariPoolDataSourceMetadataProvider' (OnBeanCondition)

   DataSourcePoolMetricsAutoConfiguration.HikariDataSourceMetricsConfiguration matched:
      - @ConditionalOnClass found required class 'com.zaxxer.hikari.HikariDataSource' (OnClassCondition)

   DataSourceTransactionManagerAutoConfiguration matched:
      - @ConditionalOnClass found required classes 'javax.sql.DataSource', 'org.springframework.jdbc.core.JdbcTemplate', 'org.springframework.transaction.TransactionManager' (OnClassCondition)

   DataSourceTransactionManagerAutoConfiguration.JdbcTransactionManagerConfiguration matched:
      - @ConditionalOnSingleCandidate (types: javax.sql.DataSource; SearchStrategy: all) found a single bean 'dataSource' (OnBeanCondition)

   DataWebAutoConfiguration matched:
      - @ConditionalOnClass found required classes 'org.springframework.data.web.PageableHandlerMethodArgumentResolver', 'org.springframework.web.servlet.config.annotation.WebMvcConfigurer' (OnClassCondition)
      - found 'session' scope (OnWebApplicationCondition)
      - @ConditionalOnMissingBean (types: org.springframework.data.web.PageableHandlerMethodArgumentResolver; SearchStrategy: all) did not find any beans (OnBeanCondition)

   DataWebAutoConfiguration#pageableCustomizer matched:
      - @ConditionalOnMissingBean (types: org.springframework.data.web.config.PageableHandlerMethodArgumentResolverCustomizer; SearchStrategy: all) did not find any beans (OnBeanCondition)

   DataWebAutoConfiguration#sortCustomizer matched:
      - @ConditionalOnMissingBean (types: org.springframework.data.web.config.SortHandlerMethodArgumentResolverCustomizer; SearchStrategy: all) did not find any beans (OnBeanCondition)

   DataWebAutoConfiguration#springDataWebSettings matched:
      - @ConditionalOnMissingBean (types: org.springframework.data.web.config.SpringDataWebSettings; SearchStrategy: all) did not find any beans (OnBeanCondition)

   DiskSpaceHealthContributorAutoConfiguration matched:
      - @ConditionalOnClass found required class 'org.springframework.boot.health.contributor.Health' (OnClassCondition)
      - @ConditionalOnEnabledHealthIndicator management.health.defaults.enabled is considered true (OnEnabledHealthIndicatorCondition)

   DiskSpaceHealthContributorAutoConfiguration#diskSpaceHealthIndicator matched:
      - @ConditionalOnMissingBean (names: diskSpaceHealthIndicator; SearchStrategy: all) did not find any beans (OnBeanCondition)

   DispatcherServletAutoConfiguration matched:
      - @ConditionalOnClass found required class 'org.springframework.web.servlet.DispatcherServlet' (OnClassCondition)
      - found 'session' scope (OnWebApplicationCondition)

   DispatcherServletAutoConfiguration.DispatcherServletConfiguration matched:
      - @ConditionalOnClass found required class 'jakarta.servlet.ServletRegistration' (OnClassCondition)
      - Default DispatcherServlet did not find dispatcher servlet beans (DispatcherServletAutoConfiguration.DefaultDispatcherServletCondition)

   DispatcherServletAutoConfiguration.DispatcherServletRegistrationConfiguration matched:
      - @ConditionalOnClass found required class 'jakarta.servlet.ServletRegistration' (OnClassCondition)
      - DispatcherServlet Registration did not find servlet registration bean (DispatcherServletAutoConfiguration.DispatcherServletRegistrationCondition)

   DispatcherServletAutoConfiguration.DispatcherServletRegistrationConfiguration#dispatcherServletRegistration matched:
      - @ConditionalOnBean (names: dispatcherServlet types: org.springframework.web.servlet.DispatcherServlet; SearchStrategy: all) found bean 'dispatcherServlet' (OnBeanCondition)

   EndpointAutoConfiguration#endpointCachingOperationInvokerAdvisor matched:
      - @ConditionalOnMissingBean (types: org.springframework.boot.actuate.endpoint.invoker.cache.CachingOperationInvokerAdvisor; SearchStrategy: all) did not find any beans (OnBeanCondition)

   EndpointAutoConfiguration#endpointOperationParameterMapper matched:
      - @ConditionalOnMissingBean (types: org.springframework.boot.actuate.endpoint.invoke.ParameterValueMapper; SearchStrategy: all) did not find any beans (OnBeanCondition)

   EndpointAutoConfiguration#propertiesEndpointAccessResolver matched:
      - @ConditionalOnMissingBean (types: org.springframework.boot.actuate.endpoint.EndpointAccessResolver; SearchStrategy: all) did not find any beans (OnBeanCondition)

   ErrorMvcAutoConfiguration matched:
      - @ConditionalOnClass found required classes 'jakarta.servlet.Servlet', 'org.springframework.web.servlet.DispatcherServlet' (OnClassCondition)
      - found 'session' scope (OnWebApplicationCondition)

   ErrorMvcAutoConfiguration#basicErrorController matched:
      - @ConditionalOnMissingBean (types: org.springframework.boot.webmvc.error.ErrorController; SearchStrategy: current) did not find any beans (OnBeanCondition)

   ErrorMvcAutoConfiguration#errorAttributes matched:
      - @ConditionalOnMissingBean (types: org.springframework.boot.webmvc.error.ErrorAttributes; SearchStrategy: current) did not find any beans (OnBeanCondition)

   ErrorMvcAutoConfiguration.DefaultErrorViewResolverConfiguration#conventionErrorViewResolver matched:
      - @ConditionalOnBean (types: org.springframework.web.servlet.DispatcherServlet; SearchStrategy: all) found bean 'dispatcherServlet'; @ConditionalOnMissingBean (types: org.springframework.boot.webmvc.autoconfigure.error.ErrorViewResolver; SearchStrategy: all) did not find any beans (OnBeanCondition)

   ErrorMvcAutoConfiguration.WhitelabelErrorViewConfiguration matched:
      - @ConditionalOnBooleanProperty (spring.web.error.whitelabel.enabled=true) matched (OnPropertyCondition)
      - ErrorTemplate Missing did not find error template view (ErrorMvcAutoConfiguration.ErrorTemplateMissingCondition)

   ErrorMvcAutoConfiguration.WhitelabelErrorViewConfiguration#beanNameViewResolver matched:
      - @ConditionalOnMissingBean (types: org.springframework.web.servlet.view.BeanNameViewResolver; SearchStrategy: all) did not find any beans (OnBeanCondition)

   ErrorMvcAutoConfiguration.WhitelabelErrorViewConfiguration#defaultErrorView matched:
      - @ConditionalOnMissingBean (names: error; SearchStrategy: all) did not find any beans (OnBeanCondition)

   FallbackConfigurationOnMissingBean#completionStageFallbackDecorator matched:
      - @ConditionalOnMissingBean (types: io.github.resilience4j.spring6.fallback.CompletionStageFallbackDecorator; SearchStrategy: all) did not find any beans (OnBeanCondition)

   FallbackConfigurationOnMissingBean#fallbackDecorators matched:
      - @ConditionalOnMissingBean (types: io.github.resilience4j.spring6.fallback.FallbackDecorators; SearchStrategy: all) did not find any beans (OnBeanCondition)

   FallbackConfigurationOnMissingBean#fallbackExecutor matched:
      - @ConditionalOnMissingBean (types: io.github.resilience4j.spring6.fallback.FallbackExecutor; SearchStrategy: all) did not find any beans (OnBeanCondition)

   HealthContributorAutoConfiguration#pingHealthContributor matched:
      - @ConditionalOnEnabledHealthIndicator management.health.defaults.enabled is considered true (OnEnabledHealthIndicatorCondition)

   HealthContributorRegistryAutoConfiguration#healthContributorRegistry matched:
      - @ConditionalOnMissingBean (types: org.springframework.boot.health.registry.HealthContributorRegistry; SearchStrategy: all) did not find any beans (OnBeanCondition)

   HealthEndpointAutoConfiguration matched:
      - @ConditionalOnClass found required class 'org.springframework.boot.actuate.endpoint.annotation.Endpoint' (OnClassCondition)
      - @ConditionalOnAvailableEndpoint marked as exposed by a 'management.endpoints.web.exposure' property (OnAvailableEndpointCondition)
      - @ConditionalOnBean (types: org.springframework.boot.health.registry.HealthContributorRegistry; SearchStrategy: all) found bean 'healthContributorRegistry' (OnBeanCondition)

   HealthEndpointConfiguration#healthEndpoint matched:
      - @ConditionalOnMissingBean (types: org.springframework.boot.health.actuate.endpoint.HealthEndpoint; SearchStrategy: all) did not find any beans (OnBeanCondition)

   HealthEndpointConfiguration#healthEndpointGroupMembershipValidator matched:
      - @ConditionalOnBooleanProperty (management.endpoint.health.validate-group-membership=true) matched (OnPropertyCondition)

   HealthEndpointConfiguration#healthEndpointGroups matched:
      - @ConditionalOnMissingBean (types: org.springframework.boot.health.actuate.endpoint.HealthEndpointGroups; SearchStrategy: all) did not find any beans (OnBeanCondition)

   HealthEndpointConfiguration#healthHttpCodeStatusMapper matched:
      - @ConditionalOnMissingBean (types: org.springframework.boot.health.actuate.endpoint.HttpCodeStatusMapper; SearchStrategy: all) did not find any beans (OnBeanCondition)

   HealthEndpointConfiguration#healthStatusAggregator matched:
      - @ConditionalOnMissingBean (types: org.springframework.boot.health.actuate.endpoint.StatusAggregator; SearchStrategy: all) did not find any beans (OnBeanCondition)

   HealthEndpointWebExtensionConfiguration matched:
      - found 'session' scope (OnWebApplicationCondition)
      - @ConditionalOnAvailableEndpoint marked as exposed by a 'management.endpoints.web.exposure' property (OnAvailableEndpointCondition)
      - @ConditionalOnBean (types: org.springframework.boot.health.actuate.endpoint.HealthEndpoint; SearchStrategy: all) found bean 'healthEndpoint' (OnBeanCondition)

   HealthEndpointWebExtensionConfiguration#healthEndpointWebExtension matched:
      - @ConditionalOnMissingBean (types: org.springframework.boot.health.actuate.endpoint.HealthEndpointWebExtension; SearchStrategy: all) did not find any beans (OnBeanCondition)

   HibernateJpaAutoConfiguration matched:
      - @ConditionalOnClass found required classes 'org.springframework.orm.jpa.LocalContainerEntityManagerFactoryBean', 'jakarta.persistence.EntityManager', 'org.hibernate.engine.spi.SessionImplementor' (OnClassCondition)

   HibernateJpaConfiguration matched:
      - @ConditionalOnSingleCandidate (types: javax.sql.DataSource; SearchStrategy: all) found a single bean 'dataSource' (OnBeanCondition)

   HttpEncodingAutoConfiguration matched:
      - @ConditionalOnClass found required class 'org.springframework.web.filter.CharacterEncodingFilter' (OnClassCondition)
      - found 'session' scope (OnWebApplicationCondition)
      - @ConditionalOnBooleanProperty (spring.servlet.encoding.enabled=true) matched (OnPropertyCondition)

   HttpEncodingAutoConfiguration#characterEncodingFilter matched:
      - @ConditionalOnMissingBean (types: org.springframework.web.filter.CharacterEncodingFilter; SearchStrategy: all) did not find any beans (OnBeanCondition)

   HttpMessageConvertersAutoConfiguration matched:
      - @ConditionalOnClass found required class 'org.springframework.http.converter.HttpMessageConverter' (OnClassCondition)
      - NoneNestedConditions 0 matched 1 did not; NestedCondition on HttpMessageConvertersAutoConfiguration.NotReactiveWebApplicationCondition.ReactiveWebApplication did not find reactive web application classes (HttpMessageConvertersAutoConfiguration.NotReactiveWebApplicationCondition)

   HttpMessageConvertersAutoConfiguration.StringHttpMessageConverterConfiguration#stringHttpMessageConvertersCustomizer matched:
      - @ConditionalOnMissingBean (types: org.springframework.http.converter.StringHttpMessageConverter; SearchStrategy: all) did not find any beans (OnBeanCondition)

   Jackson2EndpointAutoConfiguration matched:
      - @ConditionalOnClass found required classes 'com.fasterxml.jackson.databind.ObjectMapper', 'org.springframework.http.converter.json.Jackson2ObjectMapperBuilder' (OnClassCondition)

   Jackson2EndpointAutoConfiguration#jackson2EndpointJsonMapper matched:
      - @ConditionalOnBooleanProperty (management.endpoints.jackson2.isolated-object-mapper=true) matched (OnPropertyCondition)

   JacksonAutoConfiguration matched:
      - @ConditionalOnClass found required class 'tools.jackson.databind.json.JsonMapper' (OnClassCondition)

   JacksonAutoConfiguration#jacksonJsonMapper matched:
      - @ConditionalOnMissingBean (types: tools.jackson.databind.json.JsonMapper; SearchStrategy: all) did not find any beans (OnBeanCondition)

   JacksonAutoConfiguration#jsonFactory matched:
      - @ConditionalOnMissingBean (types: tools.jackson.core.json.JsonFactory; SearchStrategy: all) did not find any beans (OnBeanCondition)

   JacksonAutoConfiguration#jsonMapperBuilder matched:
      - @ConditionalOnMissingBean (types: tools.jackson.databind.json.JsonMapper$Builder; SearchStrategy: all) did not find any beans (OnBeanCondition)

   JacksonAutoConfiguration.JsonProblemDetailsConfiguration matched:
      - @ConditionalOnClass found required class 'org.springframework.http.ProblemDetail' (OnClassCondition)

   JacksonEndpointAutoConfiguration matched:
      - @ConditionalOnClass found required class 'tools.jackson.databind.json.JsonMapper' (OnClassCondition)

   JacksonEndpointAutoConfiguration#endpointJsonMapper matched:
      - @ConditionalOnBooleanProperty (management.endpoints.jackson.isolated-json-mapper=true) matched (OnPropertyCondition)

   JacksonHttpMessageConvertersConfiguration.JacksonJsonHttpMessageConverterConfiguration matched:
      - @ConditionalOnClass found required class 'tools.jackson.databind.json.JsonMapper' (OnClassCondition)
      - @ConditionalOnProperty (spring.http.converters.preferred-json-mapper=jackson) matched (OnPropertyCondition)
      - @ConditionalOnBean (types: tools.jackson.databind.json.JsonMapper; SearchStrategy: all) found bean 'jacksonJsonMapper' (OnBeanCondition)

   JacksonHttpMessageConvertersConfiguration.JacksonJsonHttpMessageConverterConfiguration#jacksonJsonHttpMessageConvertersCustomizer matched:
      - @ConditionalOnMissingBean (types: org.springframework.http.converter.json.JacksonJsonHttpMessageConverter ignored: org.springframework.hateoas.server.mvc.TypeConstrainedJacksonJsonHttpMessageConverter,org.springframework.data.rest.webmvc.alps.AlpsJacksonJsonHttpMessageConverter; SearchStrategy: all) did not find any beans (OnBeanCondition)

   JdbcClientAutoConfiguration matched:
      - @ConditionalOnSingleCandidate (types: org.springframework.jdbc.core.namedparam.NamedParameterJdbcTemplate; SearchStrategy: all) found a single bean 'namedParameterJdbcTemplate'; @ConditionalOnMissingBean (types: org.springframework.jdbc.core.simple.JdbcClient; SearchStrategy: all) did not find any beans (OnBeanCondition)

   JdbcTemplateAutoConfiguration matched:
      - @ConditionalOnClass found required classes 'javax.sql.DataSource', 'org.springframework.jdbc.core.JdbcTemplate' (OnClassCondition)
      - @ConditionalOnSingleCandidate (types: javax.sql.DataSource; SearchStrategy: all) found a single bean 'dataSource' (OnBeanCondition)

   JdbcTemplateConfiguration matched:
      - @ConditionalOnMissingBean (types: org.springframework.jdbc.core.JdbcOperations; SearchStrategy: all) did not find any beans (OnBeanCondition)

   JpaBaseConfiguration#entityManagerFactory matched:
      - @ConditionalOnMissingBean (types: org.springframework.orm.jpa.LocalContainerEntityManagerFactoryBean,jakarta.persistence.EntityManagerFactory; SearchStrategy: all) did not find any beans (OnBeanCondition)

   JpaBaseConfiguration#entityManagerFactoryBuilder matched:
      - @ConditionalOnMissingBean (types: org.springframework.boot.jpa.EntityManagerFactoryBuilder; SearchStrategy: all) did not find any beans (OnBeanCondition)

   JpaBaseConfiguration#jpaVendorAdapter matched:
      - @ConditionalOnMissingBean (types: org.springframework.orm.jpa.JpaVendorAdapter; SearchStrategy: all) did not find any beans (OnBeanCondition)

   JpaBaseConfiguration#transactionManager matched:
      - @ConditionalOnMissingBean (types: org.springframework.transaction.TransactionManager; SearchStrategy: all) did not find any beans (OnBeanCondition)

   JpaBaseConfiguration.JpaWebConfiguration matched:
      - @ConditionalOnClass found required class 'org.springframework.web.servlet.config.annotation.WebMvcConfigurer' (OnClassCondition)
      - found 'session' scope (OnWebApplicationCondition)
      - @ConditionalOnBooleanProperty (spring.jpa.open-in-view=true) matched (OnPropertyCondition)
      - @ConditionalOnMissingBean (types: org.springframework.orm.jpa.support.OpenEntityManagerInViewInterceptor,org.springframework.orm.jpa.support.OpenEntityManagerInViewFilter; SearchStrategy: all) did not find any beans (OnBeanCondition)

   JpaBaseConfiguration.PersistenceManagedTypesConfiguration matched:
      - @ConditionalOnMissingBean (types: org.springframework.orm.jpa.LocalContainerEntityManagerFactoryBean,jakarta.persistence.EntityManagerFactory; SearchStrategy: all) did not find any beans (OnBeanCondition)

   JpaBaseConfiguration.PersistenceManagedTypesConfiguration#persistenceManagedTypes matched:
      - @ConditionalOnMissingBean (types: org.springframework.orm.jpa.persistenceunit.PersistenceManagedTypes; SearchStrategy: all) did not find any beans (OnBeanCondition)

   JtaAutoConfiguration matched:
      - @ConditionalOnClass found required class 'jakarta.transaction.Transaction' (OnClassCondition)
      - @ConditionalOnBooleanProperty (spring.jta.enabled=true) matched (OnPropertyCondition)

   JvmMetricsAutoConfiguration matched:
      - @ConditionalOnClass found required class 'io.micrometer.core.instrument.MeterRegistry' (OnClassCondition)
      - @ConditionalOnBean (types: io.micrometer.core.instrument.MeterRegistry; SearchStrategy: all) found bean 'prometheusMeterRegistry' (OnBeanCondition)

   JvmMetricsAutoConfiguration#classLoaderMetrics matched:
      - @ConditionalOnMissingBean (types: io.micrometer.core.instrument.binder.jvm.ClassLoaderMetrics; SearchStrategy: all) did not find any beans (OnBeanCondition)

   JvmMetricsAutoConfiguration#jvmCompilationMetrics matched:
      - @ConditionalOnMissingBean (types: io.micrometer.core.instrument.binder.jvm.JvmCompilationMetrics; SearchStrategy: all) did not find any beans (OnBeanCondition)

   JvmMetricsAutoConfiguration#jvmGcMetrics matched:
      - @ConditionalOnMissingBean (types: io.micrometer.core.instrument.binder.jvm.JvmGcMetrics; SearchStrategy: all) did not find any beans (OnBeanCondition)

   JvmMetricsAutoConfiguration#jvmHeapPressureMetrics matched:
      - @ConditionalOnMissingBean (types: io.micrometer.core.instrument.binder.jvm.JvmHeapPressureMetrics; SearchStrategy: all) did not find any beans (OnBeanCondition)

   JvmMetricsAutoConfiguration#jvmInfoMetrics matched:
      - @ConditionalOnMissingBean (types: io.micrometer.core.instrument.binder.jvm.JvmInfoMetrics; SearchStrategy: all) did not find any beans (OnBeanCondition)

   JvmMetricsAutoConfiguration#jvmMemoryMetrics matched:
      - @ConditionalOnMissingBean (types: io.micrometer.core.instrument.binder.jvm.JvmMemoryMetrics; SearchStrategy: all) did not find any beans (OnBeanCondition)

   JvmMetricsAutoConfiguration#jvmThreadMetrics matched:
      - @ConditionalOnMissingBean (types: io.micrometer.core.instrument.binder.jvm.JvmThreadMetrics; SearchStrategy: all) did not find any beans (OnBeanCondition)

   LifecycleAutoConfiguration#defaultLifecycleProcessor matched:
      - @ConditionalOnMissingBean (names: lifecycleProcessor; SearchStrategy: current) did not find any beans (OnBeanCondition)

   LifecycleMvcEndpointAutoConfiguration#environmentManager matched:
      - @ConditionalOnMissingBean (types: org.springframework.cloud.context.environment.EnvironmentManager; SearchStrategy: all) did not find any beans (OnBeanCondition)

   LogbackMetricsAutoConfiguration matched:
      - @ConditionalOnClass found required classes 'io.micrometer.core.instrument.MeterRegistry', 'ch.qos.logback.classic.LoggerContext', 'org.slf4j.LoggerFactory' (OnClassCondition)
      - LogbackLoggingCondition ILoggerFactory is a Logback LoggerContext (LogbackMetricsAutoConfiguration.LogbackLoggingCondition)
      - @ConditionalOnBean (types: io.micrometer.core.instrument.MeterRegistry; SearchStrategy: all) found bean 'prometheusMeterRegistry' (OnBeanCondition)

   LogbackMetricsAutoConfiguration#logbackMetrics matched:
      - @ConditionalOnMissingBean (types: io.micrometer.core.instrument.binder.logging.LogbackMetrics; SearchStrategy: all) did not find any beans (OnBeanCondition)

   ManagementContextAutoConfiguration.SameManagementContextConfiguration matched:
      - Management Port actual port type (SAME) matched required type (OnManagementPortCondition)

   MetricsAutoConfiguration matched:
      - @ConditionalOnClass found required class 'io.micrometer.core.annotation.Timed' (OnClassCondition)

   MetricsAutoConfiguration#micrometerClock matched:
      - @ConditionalOnMissingBean (types: io.micrometer.core.instrument.Clock; SearchStrategy: all) did not find any beans (OnBeanCondition)

   MultipartAutoConfiguration matched:
      - @ConditionalOnClass found required classes 'jakarta.servlet.Servlet', 'org.springframework.web.multipart.support.StandardServletMultipartResolver', 'jakarta.servlet.MultipartConfigElement' (OnClassCondition)
      - found 'session' scope (OnWebApplicationCondition)
      - @ConditionalOnBooleanProperty (spring.servlet.multipart.enabled=true) matched (OnPropertyCondition)

   MultipartAutoConfiguration#multipartConfigElement matched:
      - @ConditionalOnMissingBean (types: jakarta.servlet.MultipartConfigElement; SearchStrategy: all) did not find any beans (OnBeanCondition)

   MultipartAutoConfiguration#multipartResolver matched:
      - @ConditionalOnMissingBean (types: org.springframework.web.multipart.MultipartResolver; SearchStrategy: all) did not find any beans (OnBeanCondition)

   NamedParameterJdbcTemplateConfiguration matched:
      - @ConditionalOnSingleCandidate (types: org.springframework.jdbc.core.JdbcTemplate; SearchStrategy: all) found a single bean 'jdbcTemplate'; @ConditionalOnMissingBean (types: org.springframework.jdbc.core.namedparam.NamedParameterJdbcOperations; SearchStrategy: all) did not find any beans (OnBeanCondition)

   ObservationAutoConfiguration matched:
      - @ConditionalOnClass found required class 'io.micrometer.observation.ObservationRegistry' (OnClassCondition)

   ObservationAutoConfiguration#observationRegistry matched:
      - @ConditionalOnMissingBean (types: io.micrometer.observation.ObservationRegistry; SearchStrategy: all) did not find any beans (OnBeanCondition)

   ObservationAutoConfiguration#spelValueExpressionResolver matched:
      - @ConditionalOnMissingBean (types: io.micrometer.common.annotation.ValueExpressionResolver; SearchStrategy: all) did not find any beans (OnBeanCondition)

   PersistenceExceptionTranslationAutoConfiguration matched:
      - @ConditionalOnClass found required class 'org.springframework.dao.annotation.PersistenceExceptionTranslationPostProcessor' (OnClassCondition)

   PersistenceExceptionTranslationAutoConfiguration#persistenceExceptionTranslationPostProcessor matched:
      - @ConditionalOnBooleanProperty (spring.persistence.exceptiontranslation.enabled=true) matched (OnPropertyCondition)
      - @ConditionalOnMissingBean (types: org.springframework.dao.annotation.PersistenceExceptionTranslationPostProcessor; SearchStrategy: all) did not find any beans (OnBeanCondition)

   PrometheusMetricsExportAutoConfiguration matched:
      - @ConditionalOnClass found required class 'io.micrometer.prometheusmetrics.PrometheusMeterRegistry' (OnClassCondition)
      - @ConditionalOnEnabledMetricsExport management.defaults.metrics.export.enabled is considered true (OnMetricsExportEnabledCondition)
      - @ConditionalOnBean (types: io.micrometer.core.instrument.Clock; SearchStrategy: all) found bean 'micrometerClock' (OnBeanCondition)

   PrometheusMetricsExportAutoConfiguration#prometheusConfig matched:
      - @ConditionalOnMissingBean (types: io.micrometer.prometheusmetrics.PrometheusConfig; SearchStrategy: all) did not find any beans (OnBeanCondition)

   PrometheusMetricsExportAutoConfiguration#prometheusMeterRegistry matched:
      - @ConditionalOnMissingBean (types: io.micrometer.prometheusmetrics.PrometheusMeterRegistry; SearchStrategy: all) did not find any beans (OnBeanCondition)

   PrometheusMetricsExportAutoConfiguration#prometheusRegistry matched:
      - @ConditionalOnMissingBean (types: io.prometheus.metrics.model.registry.PrometheusRegistry; SearchStrategy: all) did not find any beans (OnBeanCondition)

   PrometheusMetricsExportAutoConfiguration.PrometheusScrapeEndpointConfiguration matched:
      - @ConditionalOnClass found required classes 'org.springframework.boot.micrometer.metrics.autoconfigure.export.prometheus.PrometheusScrapeEndpoint', 'org.springframework.boot.actuate.autoconfigure.endpoint.condition.ConditionalOnAvailableEndpoint' (OnClassCondition)
      - @ConditionalOnAvailableEndpoint marked as exposed by a 'management.endpoints.web.exposure' property (OnAvailableEndpointCondition)

   PrometheusMetricsExportAutoConfiguration.PrometheusScrapeEndpointConfiguration#prometheusEndpoint matched:
      - @ConditionalOnMissingBean (types: org.springframework.boot.micrometer.metrics.autoconfigure.export.prometheus.PrometheusScrapeEndpoint; SearchStrategy: all) did not find any beans (OnBeanCondition)

   PropertyPlaceholderAutoConfiguration#propertySourcesPlaceholderConfigurer matched:
      - @ConditionalOnMissingBean (types: org.springframework.context.support.PropertySourcesPlaceholderConfigurer; SearchStrategy: current) did not find any beans (OnBeanCondition)

   RateLimiterAutoConfiguration matched:
      - @ConditionalOnClass found required class 'io.github.resilience4j.ratelimiter.RateLimiter' (OnClassCondition)

   RateLimiterAutoConfiguration#rateLimiterAspect matched:
      - @ConditionalOnMissingBean (types: io.github.resilience4j.spring6.ratelimiter.configure.RateLimiterAspect; SearchStrategy: all) did not find any beans (OnBeanCondition)

   RateLimiterAutoConfiguration#rateLimiterEventsConsumerRegistry matched:
      - @ConditionalOnMissingBean (types: io.github.resilience4j.ratelimiter.event.RateLimiterEvent; SearchStrategy: all) did not find any beans (OnBeanCondition)

   RateLimiterAutoConfiguration.RateLimiterEndpointAutoConfiguration matched:
      - @ConditionalOnClass found required class 'org.springframework.boot.actuate.endpoint.annotation.Endpoint' (OnClassCondition)

   RateLimiterMetricsAutoConfiguration matched:
      - @ConditionalOnClass found required classes 'io.micrometer.core.instrument.MeterRegistry', 'io.github.resilience4j.ratelimiter.RateLimiter', 'io.github.resilience4j.micrometer.tagged.TaggedRateLimiterMetricsPublisher' (OnClassCondition)
      - @ConditionalOnProperty (resilience4j.ratelimiter.metrics.enabled) matched (OnPropertyCondition)

   RateLimiterMetricsAutoConfiguration#taggedRateLimiterMetricsPublisher matched:
      - @ConditionalOnProperty (resilience4j.ratelimiter.metrics.legacy.enabled=false) matched (OnPropertyCondition)
      - @ConditionalOnBean (types: io.micrometer.core.instrument.MeterRegistry; SearchStrategy: all) found bean 'prometheusMeterRegistry'; @ConditionalOnMissingBean (types: io.github.resilience4j.micrometer.tagged.TaggedRateLimiterMetricsPublisher; SearchStrategy: all) did not find any beans (OnBeanCondition)

   RateLimiterRefreshScopedRegistryAutoConfiguration matched:
      - @ConditionalOnClass found required classes 'io.github.resilience4j.ratelimiter.RateLimiter', 'org.springframework.cloud.context.config.annotation.RefreshScope' (OnClassCondition)
      - @ConditionalOnBean (types: org.springframework.cloud.context.scope.refresh.RefreshScope; SearchStrategy: all) found bean 'refreshScope' (OnBeanCondition)

   RateLimiterRefreshScopedRegistryAutoConfiguration#rateLimiterRegistry matched:
      - @ConditionalOnMissingBean (types: io.github.resilience4j.ratelimiter.RateLimiterRegistry; SearchStrategy: all) did not find any beans (OnBeanCondition)

   RateLimitersHealthIndicatorAutoConfiguration matched:
      - @ConditionalOnClass found required classes 'io.github.resilience4j.ratelimiter.RateLimiter', 'org.springframework.boot.health.contributor.HealthIndicator', 'org.springframework.boot.health.autoconfigure.contributor.HealthContributorAutoConfiguration', 'org.springframework.boot.health.actuate.endpoint.StatusAggregator' (OnClassCondition)

   RefreshAutoConfiguration matched:
      - @ConditionalOnClass found required class 'org.springframework.cloud.context.scope.refresh.RefreshScope' (OnClassCondition)
      - @ConditionalOnProperty (spring.cloud.refresh.enabled) matched (OnPropertyCondition)

   RefreshAutoConfiguration#configDataContextRefresher matched:
      - @ConditionalOnMissingBean (types: org.springframework.cloud.context.refresh.ConfigDataContextRefresher; SearchStrategy: all) did not find any beans (OnBeanCondition)
      - NoneNestedConditions 0 matched 3 did not; NestedCondition on ConditionalOnBootstrapDisabled.OnBootstrapDisabledCondition.OnBootstrapEnabled @ConditionalOnProperty (spring.cloud.bootstrap.enabled) did not find property 'spring.cloud.bootstrap.enabled'; NestedCondition on ConditionalOnBootstrapDisabled.OnBootstrapDisabledCondition.OnUseLegacyProcessingEnabled @ConditionalOnProperty (spring.config.use-legacy-processing) did not find property 'spring.config.use-legacy-processing'; NestedCondition on ConditionalOnBootstrapDisabled.OnBootstrapDisabledCondition.OnBootstrapMarkerClassPresent @ConditionalOnClass did not find required class 'org.springframework.cloud.bootstrap.marker.Marker' (ConditionalOnBootstrapDisabled.OnBootstrapDisabledCondition)

   RefreshAutoConfiguration#loggingRebinder matched:
      - @ConditionalOnMissingBean (types: org.springframework.cloud.logging.LoggingRebinder; SearchStrategy: all) did not find any beans (OnBeanCondition)

   RefreshAutoConfiguration#refreshScope matched:
      - @ConditionalOnMissingBean (types: org.springframework.cloud.context.scope.refresh.RefreshScope; SearchStrategy: all) did not find any beans (OnBeanCondition)

   RefreshAutoConfiguration#refreshScopeLifecycle matched:
      - @ConditionalOnProperty (spring.cloud.refresh.on-restart.enabled) matched (OnPropertyCondition)

   RefreshEndpointAutoConfiguration matched:
      - @ConditionalOnClass found required classes 'org.springframework.boot.actuate.autoconfigure.endpoint.EndpointAutoConfiguration', 'org.springframework.boot.health.contributor.Health' (OnClassCondition)

   RefreshEndpointAutoConfiguration#refreshScopeHealthIndicator matched:
      - @ConditionalOnMissingBean (types: org.springframework.cloud.health.RefreshScopeHealthIndicator; SearchStrategy: all) did not find any beans (OnBeanCondition)
      - @ConditionalOnEnabledHealthIndicator management.health.defaults.enabled is considered true (OnEnabledHealthIndicatorCondition)

   Resilience4JAutoConfiguration matched:
      - @ConditionalOnProperty ([spring.cloud.circuitbreaker.resilience4j.enabled,spring.cloud.circuitbreaker.resilience4j.blocking.enabled]) matched (OnPropertyCondition)

   Resilience4JAutoConfiguration#resilience4jCircuitBreakerFactory matched:
      - @ConditionalOnMissingBean (types: org.springframework.cloud.client.circuitbreaker.CircuitBreakerFactory; SearchStrategy: all) did not find any beans (OnBeanCondition)

   Resilience4JAutoConfiguration.MicrometerResilience4JGroupCustomizerConfiguration matched:
      - @ConditionalOnBean (types: io.micrometer.core.instrument.MeterRegistry; SearchStrategy: all) found bean 'prometheusMeterRegistry' (OnBeanCondition)

   Resilience4JAutoConfiguration.MicrometerResilience4JGroupCustomizerConfiguration#resilience4JMeterFilter matched:
      - @ConditionalOnProperty (spring.cloud.circuitbreaker.resilience4j.enableGroupMeterFilter=true) matched (OnPropertyCondition)

   Resilience4JAutoConfiguration.ObservationRegistryCustomizerResilience4jCustomizer matched:
      - @ConditionalOnProperty (spring.cloud.circuitbreaker.resilience4j.micrometer.enabled) matched (OnPropertyCondition)
      - @ConditionalOnBean (types: io.micrometer.observation.ObservationRegistry; SearchStrategy: all) found bean 'observationRegistry' (OnBeanCondition)

   ResourceServerTokenRelayAutoConfiguration matched:
      - @ConditionalOnClass found required class 'org.springframework.web.servlet.config.annotation.WebMvcConfigurer' (OnClassCondition)
      - found 'session' scope (OnWebApplicationCondition)
      - @ConditionalOnProperty (spring.cloud.mvc.token-relay.enabled) matched (OnPropertyCondition)

   RestartEndpointWithoutIntegrationConfiguration matched:
      - @ConditionalOnMissingClass did not find unwanted class 'org.springframework.integration.monitor.IntegrationMBeanExporter' (OnClassCondition)

   RetryAutoConfiguration matched:
      - @ConditionalOnClass found required class 'io.github.resilience4j.retry.Retry' (OnClassCondition)

   RetryAutoConfiguration#retryAspect matched:
      - @ConditionalOnMissingBean (types: io.github.resilience4j.spring6.retry.configure.RetryAspect; SearchStrategy: all) did not find any beans (OnBeanCondition)

   RetryAutoConfiguration#retryEventConsumerRegistry matched:
      - @ConditionalOnMissingBean (types: io.github.resilience4j.retry.event.RetryEvent; SearchStrategy: all) did not find any beans (OnBeanCondition)

   RetryAutoConfiguration.RetryAutoEndpointConfiguration matched:
      - @ConditionalOnClass found required class 'org.springframework.boot.actuate.endpoint.annotation.Endpoint' (OnClassCondition)

   RetryMetricsAutoConfiguration matched:
      - @ConditionalOnClass found required classes 'io.micrometer.core.instrument.MeterRegistry', 'io.github.resilience4j.retry.Retry', 'io.github.resilience4j.micrometer.tagged.TaggedRetryMetricsPublisher' (OnClassCondition)
      - @ConditionalOnProperty (resilience4j.retry.metrics.enabled) matched (OnPropertyCondition)

   RetryMetricsAutoConfiguration#taggedRetryMetricsPublisher matched:
      - @ConditionalOnProperty (resilience4j.retry.metrics.legacy.enabled=false) matched (OnPropertyCondition)
      - @ConditionalOnBean (types: io.micrometer.core.instrument.MeterRegistry; SearchStrategy: all) found bean 'prometheusMeterRegistry'; @ConditionalOnMissingBean (types: io.github.resilience4j.micrometer.tagged.TaggedRetryMetricsPublisher; SearchStrategy: all) did not find any beans (OnBeanCondition)

   RetryRefreshScopedRegistryAutoConfiguration matched:
      - @ConditionalOnClass found required classes 'io.github.resilience4j.retry.Retry', 'org.springframework.cloud.context.config.annotation.RefreshScope' (OnClassCondition)
      - @ConditionalOnBean (types: org.springframework.cloud.context.scope.refresh.RefreshScope; SearchStrategy: all) found bean 'refreshScope' (OnBeanCondition)

   RetryRefreshScopedRegistryAutoConfiguration#retryRegistry matched:
      - @ConditionalOnMissingBean (types: io.github.resilience4j.retry.RetryRegistry; SearchStrategy: all) did not find any beans (OnBeanCondition)

   ScheduledTasksObservationAutoConfiguration matched:
      - @ConditionalOnClass found required class 'org.springframework.scheduling.concurrent.ThreadPoolTaskScheduler' (OnClassCondition)
      - @ConditionalOnBean (types: io.micrometer.observation.ObservationRegistry; SearchStrategy: all) found bean 'observationRegistry' (OnBeanCondition)

   SecurityAutoConfiguration matched:
      - @ConditionalOnClass found required class 'org.springframework.security.authentication.DefaultAuthenticationEventPublisher' (OnClassCondition)

   SecurityAutoConfiguration#authenticationEventPublisher matched:
      - @ConditionalOnMissingBean (types: org.springframework.security.authentication.AuthenticationEventPublisher; SearchStrategy: all) did not find any beans (OnBeanCondition)

   SecurityFilterAutoConfiguration matched:
      - @ConditionalOnClass found required classes 'org.springframework.security.web.context.AbstractSecurityWebApplicationInitializer', 'org.springframework.security.config.http.SessionCreationPolicy' (OnClassCondition)
      - found 'session' scope (OnWebApplicationCondition)

   SecurityFilterAutoConfiguration#securityFilterChainRegistration matched:
      - @ConditionalOnBean (names: springSecurityFilterChain; SearchStrategy: all) found bean 'springSecurityFilterChain' (OnBeanCondition)

   SecurityRequestMatchersManagementContextConfiguration matched:
      - @ConditionalOnClass found required class 'org.springframework.security.web.util.matcher.RequestMatcher' (OnClassCondition)
      - found 'session' scope (OnWebApplicationCondition)

   SecurityRequestMatchersManagementContextConfiguration.MvcRequestMatcherConfiguration matched:
      - @ConditionalOnClass found required class 'org.springframework.web.servlet.DispatcherServlet' (OnClassCondition)
      - @ConditionalOnBean (types: org.springframework.boot.webmvc.autoconfigure.DispatcherServletPath; SearchStrategy: all) found bean 'dispatcherServletRegistration' (OnBeanCondition)

   SecurityRequestMatchersManagementContextConfiguration.MvcRequestMatcherConfiguration#requestMatcherProvider matched:
      - @ConditionalOnMissingBean (types: org.springframework.boot.security.autoconfigure.actuate.web.servlet.RequestMatcherProvider; SearchStrategy: all) did not find any beans (OnBeanCondition)

   ServletEndpointManagementContextConfiguration matched:
      - found 'session' scope (OnWebApplicationCondition)

   ServletManagementContextAutoConfiguration matched:
      - @ConditionalOnClass found required classes 'jakarta.servlet.Servlet', 'org.springframework.boot.actuate.autoconfigure.endpoint.web.WebEndpointProperties' (OnClassCondition)
      - found 'session' scope (OnWebApplicationCondition)

   ServletWebSecurityAutoConfiguration matched:
      - @ConditionalOnClass found required class 'org.springframework.security.config.annotation.web.configuration.EnableWebSecurity' (OnClassCondition)
      - found 'session' scope (OnWebApplicationCondition)

   ServletWebSecurityAutoConfiguration.PathPatternRequestMatcherBuilderConfiguration matched:
      - @ConditionalOnClass found required class 'org.springframework.boot.webmvc.autoconfigure.DispatcherServletPath' (OnClassCondition)
      - @ConditionalOnBean (types: org.springframework.boot.webmvc.autoconfigure.DispatcherServletPath; SearchStrategy: all) found bean 'dispatcherServletRegistration' (OnBeanCondition)

   ServletWebSecurityAutoConfiguration.PathPatternRequestMatcherBuilderConfiguration#pathPatternRequestMatcherBuilder matched:
      - @ConditionalOnMissingBean (types: org.springframework.security.web.servlet.util.matcher.PathPatternRequestMatcher$Builder; SearchStrategy: all) did not find any beans (OnBeanCondition)

   SimpleDiscoveryClientConfigurations.SimpleDiscoveryClientConfiguration#simpleDiscoveryProperties matched:
      - @ConditionalOnMissingBean (types: org.springframework.cloud.client.discovery.simple.SimpleDiscoveryProperties; SearchStrategy: all) did not find any beans (OnBeanCondition)

   SimpleDiscoveryClientConfigurations.WebApplicationSimpleDiscoveryClientConfiguration matched:
      - @ConditionalOnClass found required class 'org.springframework.boot.web.server.context.WebServerInitializedEvent' (OnClassCondition)

   SpelResolverConfigurationOnMissingBean#parameterNameDiscoverer matched:
      - @ConditionalOnMissingBean (types: org.springframework.core.ParameterNameDiscoverer; SearchStrategy: all) did not find any beans (OnBeanCondition)

   SpelResolverConfigurationOnMissingBean#spelExpressionParser matched:
      - @ConditionalOnMissingBean (types: org.springframework.expression.spel.standard.SpelExpressionParser; SearchStrategy: all) did not find any beans (OnBeanCondition)

   SpelResolverConfigurationOnMissingBean#spelResolver matched:
      - @ConditionalOnMissingBean (types: io.github.resilience4j.spring6.spelresolver.SpelResolver; SearchStrategy: all) did not find any beans (OnBeanCondition)

   SpringDocConfigProperties matched:
      - @ConditionalOnProperty (springdoc.api-docs.enabled) matched (OnPropertyCondition)
      - @ConditionalOnBean (types: org.springdoc.core.configuration.SpringDocConfiguration; SearchStrategy: all) found bean 'org.springdoc.core.configuration.SpringDocConfiguration' (OnBeanCondition)

   SpringDocConfiguration matched:
      - @ConditionalOnWebApplication (required) found 'session' scope (OnWebApplicationCondition)
      - @ConditionalOnProperty (springdoc.api-docs.enabled) matched (OnPropertyCondition)

   SpringDocConfiguration#fileSupportConverter matched:
      - @ConditionalOnMissingBean (types: org.springdoc.core.converters.FileSupportConverter; SearchStrategy: all) did not find any beans (OnBeanCondition)

   SpringDocConfiguration#globalOpenApiCustomizer matched:
      - @ConditionalOnMissingBean (names: globalOpenApiCustomizer; SearchStrategy: all) did not find any beans (OnBeanCondition)

   SpringDocConfiguration#initExtraSchemas matched:
      - @ConditionalOnProperty (springdoc.enable-extra-schemas) matched (OnPropertyCondition)

   SpringDocConfiguration#methodParameterPojoExtractor matched:
      - @ConditionalOnMissingBean (types: org.springdoc.core.extractor.MethodParameterPojoExtractor; SearchStrategy: all) did not find any beans (OnBeanCondition)

   SpringDocConfiguration#openAPIBuilder matched:
      - @ConditionalOnMissingBean (types: org.springdoc.core.service.OpenAPIService; SearchStrategy: all) did not find any beans (OnBeanCondition)

   SpringDocConfiguration#operationBuilder matched:
      - @ConditionalOnMissingBean (types: org.springdoc.core.service.OperationService; SearchStrategy: all) did not find any beans (OnBeanCondition)

   SpringDocConfiguration#parameterBuilder matched:
      - @ConditionalOnMissingBean (types: org.springdoc.core.service.GenericParameterService; SearchStrategy: all) did not find any beans (OnBeanCondition)

   SpringDocConfiguration#parameterObjectNamingStrategyCustomizer matched:
      - @ConditionalOnMissingBean (types: org.springdoc.core.customizers.ParameterObjectNamingStrategyCustomizer; SearchStrategy: all) did not find any beans (OnBeanCondition)

   SpringDocConfiguration#polymorphicModelConverter matched:
      - @ConditionalOnProperty (springdoc.model-converters.polymorphic-converter.enabled) matched (OnPropertyCondition)
      - @ConditionalOnMissingBean (types: org.springdoc.core.converters.PolymorphicModelConverter; SearchStrategy: all) did not find any beans (OnBeanCondition)

   SpringDocConfiguration#requestBodyBuilder matched:
      - @ConditionalOnMissingBean (types: org.springdoc.core.service.RequestBodyService; SearchStrategy: all) did not find any beans (OnBeanCondition)

   SpringDocConfiguration#responseSupportConverter matched:
      - @ConditionalOnMissingBean (types: org.springdoc.core.converters.ResponseSupportConverter; SearchStrategy: all) did not find any beans (OnBeanCondition)

   SpringDocConfiguration#schemaPropertyDeprecatingConverter matched:
      - @ConditionalOnProperty (springdoc.model-converters.deprecating-converter.enabled) matched (OnPropertyCondition)
      - @ConditionalOnMissingBean (types: org.springdoc.core.converters.SchemaPropertyDeprecatingConverter; SearchStrategy: all) did not find any beans (OnBeanCondition)

   SpringDocConfiguration#schemaUtils matched:
      - @ConditionalOnMissingBean (types: org.springdoc.core.utils.SchemaUtils; SearchStrategy: all) did not find any beans (OnBeanCondition)

   SpringDocConfiguration#securityParser matched:
      - @ConditionalOnMissingBean (types: org.springdoc.core.service.SecurityService; SearchStrategy: all) did not find any beans (OnBeanCondition)

   SpringDocConfiguration#springDocAppInitializer matched:
      - @ConditionalOnMissingBean (names: springDocAppInitializer; SearchStrategy: all) did not find any beans (OnBeanCondition)

   SpringDocConfiguration#springDocCustomizers matched:
      - @ConditionalOnMissingBean (types: org.springdoc.core.customizers.SpringDocCustomizers; SearchStrategy: all) did not find any beans (OnBeanCondition)

   SpringDocConfiguration#springDocProviders matched:
      - @ConditionalOnMissingBean (types: org.springdoc.core.providers.SpringDocProviders; SearchStrategy: all) did not find any beans (OnBeanCondition)

   SpringDocConfiguration#springdocObjectMapperProvider matched:
      - @ConditionalOnMissingBean (types: org.springdoc.core.providers.ObjectMapperProvider; SearchStrategy: all) did not find any beans (OnBeanCondition)

   SpringDocConfiguration.QuerydslProvider matched:
      - @ConditionalOnClass found required class 'org.springframework.data.querydsl.binding.QuerydslBindingsFactory' (OnClassCondition)

   SpringDocConfiguration.QuerydslProvider#queryDslQuerydslPredicateOperationCustomizer matched:
      - @ConditionalOnMissingBean (types: org.springdoc.core.customizers.QuerydslPredicateOperationCustomizer; SearchStrategy: all) did not find any beans (OnBeanCondition)

   SpringDocConfiguration.SpringDocSpringDataWebPropertiesProvider matched:
      - @ConditionalOnClass found required class 'org.springframework.boot.data.autoconfigure.web.DataWebProperties' (OnClassCondition)

   SpringDocConfiguration.SpringDocSpringDataWebPropertiesProvider#springDataWebPropertiesProvider matched:
      - @ConditionalOnMissingBean (types: org.springdoc.core.providers.SpringDataWebPropertiesProvider; SearchStrategy: all) did not find any beans (OnBeanCondition)

   SpringDocConfiguration.WebConversionServiceConfiguration matched:
      - @ConditionalOnClass found required class 'org.springframework.boot.autoconfigure.web.format.WebConversionService' (OnClassCondition)

   SpringDocPageableConfiguration matched:
      - @ConditionalOnClass found required class 'org.springframework.data.domain.Pageable' (OnClassCondition)
      - @ConditionalOnWebApplication (required) found 'session' scope (OnWebApplicationCondition)
      - @ConditionalOnProperty (springdoc.api-docs.enabled) matched (OnPropertyCondition)
      - @ConditionalOnBean (types: org.springdoc.core.configuration.SpringDocConfiguration; SearchStrategy: all) found bean 'org.springdoc.core.configuration.SpringDocConfiguration' (OnBeanCondition)

   SpringDocPageableConfiguration#dataRestDelegatingMethodParameterCustomizer matched:
      - @ConditionalOnMissingBean (types: org.springdoc.core.customizers.DataRestDelegatingMethodParameterCustomizer; SearchStrategy: all) did not find any beans (OnBeanCondition)

   SpringDocPageableConfiguration#pageOpenAPIConverter matched:
      - @ConditionalOnClass found required classes 'org.springframework.data.web.PagedModel', 'org.springframework.data.web.config.SpringDataWebSettings' (OnClassCondition)
      - @ConditionalOnMissingBean (types: org.springdoc.core.converters.PageOpenAPIConverter; SearchStrategy: all) did not find any beans (OnBeanCondition)

   SpringDocPageableConfiguration#pageableOpenAPIConverter matched:
      - @ConditionalOnProperty (springdoc.model-converters.pageable-converter.enabled) matched (OnPropertyCondition)
      - @ConditionalOnMissingBean (types: org.springdoc.core.converters.PageableOpenAPIConverter; SearchStrategy: all) did not find any beans (OnBeanCondition)

   SpringDocSecurityConfiguration matched:
      - @ConditionalOnClass found required class 'org.springframework.security.web.SecurityFilterChain' (OnClassCondition)
      - @ConditionalOnWebApplication (required) found 'session' scope (OnWebApplicationCondition)
      - @ConditionalOnExpression (#{${springdoc.api-docs.enabled:true} and ${springdoc.enable-spring-security:true}}) resulted in true (OnExpressionCondition)
      - @ConditionalOnBean (types: org.springdoc.core.configuration.SpringDocConfiguration; SearchStrategy: all) found bean 'org.springdoc.core.configuration.SpringDocConfiguration' (OnBeanCondition)

   SpringDocSecurityConfiguration.SpringSecurityLoginEndpointConfiguration matched:
      - @ConditionalOnClass found required class 'jakarta.servlet.Filter' (OnClassCondition)

   SpringDocSortConfiguration matched:
      - @ConditionalOnClass found required class 'org.springframework.data.domain.Sort' (OnClassCondition)
      - @ConditionalOnWebApplication (required) found 'session' scope (OnWebApplicationCondition)
      - @ConditionalOnProperty (springdoc.api-docs.enabled) matched (OnPropertyCondition)
      - @ConditionalOnBean (types: org.springdoc.core.configuration.SpringDocConfiguration; SearchStrategy: all) found bean 'org.springdoc.core.configuration.SpringDocConfiguration' (OnBeanCondition)

   SpringDocSortConfiguration#sortOpenAPIConverter matched:
      - @ConditionalOnProperty (springdoc.sort-converter.enabled) matched (OnPropertyCondition)
      - @ConditionalOnMissingBean (types: org.springdoc.core.converters.SortOpenAPIConverter; SearchStrategy: all) did not find any beans (OnBeanCondition)

   SpringDocWebMvcConfiguration matched:
      - found 'session' scope (OnWebApplicationCondition)
      - @ConditionalOnProperty (springdoc.api-docs.enabled) matched (OnPropertyCondition)
      - @ConditionalOnBean (types: org.springdoc.core.configuration.SpringDocConfiguration; SearchStrategy: all) found bean 'org.springdoc.core.configuration.SpringDocConfiguration' (OnBeanCondition)

   SpringDocWebMvcConfiguration#openApiResource matched:
      - @ConditionalOnExpression (#{(${springdoc.use-management-port:false} == false ) and ${springdoc.enable-default-api-docs:true}}) resulted in true (OnExpressionCondition)
      - @ConditionalOnMissingBean (types: org.springdoc.webmvc.api.OpenApiWebMvcResource; SearchStrategy: all) did not find any beans (OnBeanCondition)

   SpringDocWebMvcConfiguration#requestBuilder matched:
      - @ConditionalOnMissingBean (types: org.springdoc.webmvc.core.service.RequestService; SearchStrategy: all) did not find any beans (OnBeanCondition)

   SpringDocWebMvcConfiguration#responseBuilder matched:
      - @ConditionalOnMissingBean (types: org.springdoc.core.service.GenericResponseService; SearchStrategy: all) did not find any beans (OnBeanCondition)

   SpringDocWebMvcConfiguration#springWebProvider matched:
      - @ConditionalOnMissingBean (types: org.springdoc.core.providers.SpringWebProvider; SearchStrategy: all) did not find any beans (OnBeanCondition)

   SpringDocWebMvcConfiguration.SpringDocWebMvcActuatorConfiguration matched:
      - @ConditionalOnClass found required class 'org.springframework.boot.webmvc.actuate.endpoint.web.WebMvcEndpointHandlerMapping' (OnClassCondition)

   SpringDocWebMvcConfiguration.SpringDocWebMvcRouterConfiguration matched:
      - @ConditionalOnClass found required class 'org.springframework.web.servlet.function.RouterFunction' (OnClassCondition)

   SpringDocWebMvcConfiguration.SpringDocWebMvcRouterConfiguration#routerFunctionProvider matched:
      - @ConditionalOnMissingBean (types: org.springdoc.webmvc.core.providers.RouterFunctionWebMvcProvider; SearchStrategy: all) did not find any beans (OnBeanCondition)

   SpringDocWebServerConfiguration.EmbeddedWebServerConfiguration matched:
      - @ConditionalOnClass found required classes 'org.springframework.boot.web.server.context.WebServerInitializedEvent', 'org.springframework.boot.web.server.autoconfigure.ServerProperties' (OnClassCondition)

   SslAutoConfiguration#sslBundleRegistry matched:
      - @ConditionalOnMissingBean (types: org.springframework.boot.ssl.SslBundleRegistry,org.springframework.boot.ssl.SslBundles; SearchStrategy: all) did not find any beans (OnBeanCondition)

   SslHealthContributorAutoConfiguration matched:
      - @ConditionalOnClass found required class 'org.springframework.boot.health.contributor.Health' (OnClassCondition)
      - @ConditionalOnEnabledHealthIndicator management.health.defaults.enabled is considered true (OnEnabledHealthIndicatorCondition)

   SslHealthContributorAutoConfiguration#sslHealthIndicator matched:
      - @ConditionalOnMissingBean (names: sslHealthIndicator; SearchStrategy: all) did not find any beans (OnBeanCondition)

   SslHealthContributorAutoConfiguration#sslInfo matched:
      - @ConditionalOnMissingBean (types: org.springframework.boot.info.SslInfo; SearchStrategy: all) did not find any beans (OnBeanCondition)

   SslMetricsAutoConfiguration matched:
      - @ConditionalOnClass found required class 'io.micrometer.core.instrument.MeterRegistry' (OnClassCondition)
      - @ConditionalOnBean (types: io.micrometer.core.instrument.MeterRegistry,org.springframework.boot.ssl.SslBundles; SearchStrategy: all) found beans 'prometheusMeterRegistry', 'sslBundleRegistry' (OnBeanCondition)

   StartupTimeMetricsListenerAutoConfiguration matched:
      - @ConditionalOnClass found required class 'io.micrometer.core.instrument.MeterRegistry' (OnClassCondition)
      - @ConditionalOnBean (types: io.micrometer.core.instrument.MeterRegistry; SearchStrategy: all) found bean 'prometheusMeterRegistry' (OnBeanCondition)

   StartupTimeMetricsListenerAutoConfiguration#startupTimeMetrics matched:
      - @ConditionalOnMissingBean (types: org.springframework.boot.micrometer.metrics.startup.StartupTimeMetricsListener; SearchStrategy: all) did not find any beans (OnBeanCondition)

   SwaggerConfig matched:
      - found 'session' scope (OnWebApplicationCondition)
      - @ConditionalOnProperty (springdoc.swagger-ui.enabled) matched (OnPropertyCondition)
      - @ConditionalOnBean (types: org.springdoc.core.configuration.SpringDocConfiguration; SearchStrategy: all) found bean 'org.springdoc.core.configuration.SpringDocConfiguration' (OnBeanCondition)

   SwaggerConfig#indexPageTransformer matched:
      - @ConditionalOnMissingBean (types: org.springdoc.webmvc.ui.SwaggerIndexTransformer; SearchStrategy: all) did not find any beans (OnBeanCondition)

   SwaggerConfig#springDocSwaggerInitializer matched:
      - @ConditionalOnProperty (springdoc.use-management-port=false) matched (OnPropertyCondition)
      - @ConditionalOnMissingBean (names: springDocSwaggerInitializer; SearchStrategy: all) did not find any beans (OnBeanCondition)

   SwaggerConfig#swaggerConfigResource matched:
      - @ConditionalOnProperty (springdoc.use-management-port=false) matched (OnPropertyCondition)
      - @ConditionalOnMissingBean (types: org.springdoc.webmvc.ui.SwaggerConfigResource; SearchStrategy: all) did not find any beans (OnBeanCondition)

   SwaggerConfig#swaggerResourceResolver matched:
      - @ConditionalOnMissingBean (types: org.springdoc.webmvc.ui.SwaggerResourceResolver; SearchStrategy: all) did not find any beans (OnBeanCondition)

   SwaggerConfig#swaggerWebMvcConfigurer matched:
      - @ConditionalOnMissingBean (types: org.springdoc.webmvc.ui.SwaggerWebMvcConfigurer; SearchStrategy: all) did not find any beans (OnBeanCondition)

   SwaggerConfig#swaggerWelcome matched:
      - @ConditionalOnProperty (springdoc.use-management-port=false) matched (OnPropertyCondition)
      - @ConditionalOnMissingBean (types: org.springdoc.webmvc.ui.SwaggerWelcomeWebMvc; SearchStrategy: all) did not find any beans (OnBeanCondition)

   SwaggerUiConfigProperties matched:
      - @ConditionalOnProperty (springdoc.swagger-ui.enabled) matched (OnPropertyCondition)
      - @ConditionalOnBean (types: org.springdoc.core.configuration.SpringDocConfiguration; SearchStrategy: all) found bean 'org.springdoc.core.configuration.SpringDocConfiguration' (OnBeanCondition)

   SwaggerUiOAuthProperties matched:
      - @ConditionalOnProperty (springdoc.swagger-ui.enabled) matched (OnPropertyCondition)
      - @ConditionalOnBean (types: org.springdoc.core.configuration.SpringDocConfiguration; SearchStrategy: all) found bean 'org.springdoc.core.configuration.SpringDocConfiguration' (OnBeanCondition)

   SystemMetricsAutoConfiguration matched:
      - @ConditionalOnClass found required class 'io.micrometer.core.instrument.MeterRegistry' (OnClassCondition)
      - @ConditionalOnBean (types: io.micrometer.core.instrument.MeterRegistry; SearchStrategy: all) found bean 'prometheusMeterRegistry' (OnBeanCondition)

   SystemMetricsAutoConfiguration#diskSpaceMetrics matched:
      - @ConditionalOnMissingBean (types: org.springframework.boot.micrometer.metrics.system.DiskSpaceMetricsBinder; SearchStrategy: all) did not find any beans (OnBeanCondition)

   SystemMetricsAutoConfiguration#fileDescriptorMetrics matched:
      - @ConditionalOnMissingBean (types: io.micrometer.core.instrument.binder.system.FileDescriptorMetrics; SearchStrategy: all) did not find any beans (OnBeanCondition)

   SystemMetricsAutoConfiguration#processorMetrics matched:
      - @ConditionalOnMissingBean (types: io.micrometer.core.instrument.binder.system.ProcessorMetrics; SearchStrategy: all) did not find any beans (OnBeanCondition)

   SystemMetricsAutoConfiguration#uptimeMetrics matched:
      - @ConditionalOnMissingBean (types: io.micrometer.core.instrument.binder.system.UptimeMetrics; SearchStrategy: all) did not find any beans (OnBeanCondition)

   TaskExecutionAutoConfiguration matched:
      - @ConditionalOnClass found required class 'org.springframework.scheduling.concurrent.ThreadPoolTaskExecutor' (OnClassCondition)

   TaskExecutorConfigurations.AsyncConfigurerConfiguration matched:
      - @ConditionalOnMissingBean (types: org.springframework.scheduling.annotation.AsyncConfigurer; SearchStrategy: all) did not find any beans (OnBeanCondition)

   TaskExecutorConfigurations.SimpleAsyncTaskExecutorBuilderConfiguration#simpleAsyncTaskExecutorBuilder matched:
      - @ConditionalOnMissingBean (types: org.springframework.boot.task.SimpleAsyncTaskExecutorBuilder; SearchStrategy: all) did not find any beans (OnBeanCondition)
      - @ConditionalOnThreading found PLATFORM (OnThreadingCondition)

   TaskExecutorConfigurations.TaskExecutorConfiguration matched:
      - AnyNestedCondition 1 matched 1 did not; NestedCondition on TaskExecutorConfigurations.OnExecutorCondition.ModelCondition @ConditionalOnProperty (spring.task.execution.mode=force) did not find property 'spring.task.execution.mode'; NestedCondition on TaskExecutorConfigurations.OnExecutorCondition.ExecutorBeanCondition @ConditionalOnMissingBean (types: java.util.concurrent.Executor; SearchStrategy: all) did not find any beans (TaskExecutorConfigurations.OnExecutorCondition)

   TaskExecutorConfigurations.TaskExecutorConfiguration#applicationTaskExecutor matched:
      - @ConditionalOnThreading found PLATFORM (OnThreadingCondition)

   TaskExecutorConfigurations.ThreadPoolTaskExecutorBuilderConfiguration#threadPoolTaskExecutorBuilder matched:
      - @ConditionalOnMissingBean (types: org.springframework.boot.task.ThreadPoolTaskExecutorBuilder; SearchStrategy: all) did not find any beans (OnBeanCondition)

   TaskExecutorMetricsAutoConfiguration matched:
      - @ConditionalOnClass found required class 'io.micrometer.core.instrument.binder.jvm.ExecutorServiceMetrics' (OnClassCondition)
      - @ConditionalOnBean (types: java.util.concurrent.Executor,io.micrometer.core.instrument.MeterRegistry; SearchStrategy: all) found beans 'prometheusMeterRegistry', 'applicationTaskExecutor' (OnBeanCondition)

   TaskSchedulingAutoConfiguration matched:
      - @ConditionalOnClass found required class 'org.springframework.scheduling.concurrent.ThreadPoolTaskScheduler' (OnClassCondition)

   TaskSchedulingConfigurations.SimpleAsyncTaskSchedulerBuilderConfiguration#simpleAsyncTaskSchedulerBuilder matched:
      - @ConditionalOnMissingBean (types: org.springframework.boot.task.SimpleAsyncTaskSchedulerBuilder; SearchStrategy: all) did not find any beans (OnBeanCondition)
      - @ConditionalOnThreading found PLATFORM (OnThreadingCondition)

   TaskSchedulingConfigurations.ThreadPoolTaskSchedulerBuilderConfiguration#threadPoolTaskSchedulerBuilder matched:
      - @ConditionalOnMissingBean (types: org.springframework.boot.task.ThreadPoolTaskSchedulerBuilder; SearchStrategy: all) did not find any beans (OnBeanCondition)

   TimeLimiterAutoConfiguration matched:
      - @ConditionalOnClass found required class 'io.github.resilience4j.timelimiter.TimeLimiter' (OnClassCondition)

   TimeLimiterAutoConfiguration#timeLimiterAspect matched:
      - @ConditionalOnMissingBean (types: io.github.resilience4j.spring6.timelimiter.configure.TimeLimiterAspect; SearchStrategy: all) did not find any beans (OnBeanCondition)

   TimeLimiterAutoConfiguration#timeLimiterEventsConsumerRegistry matched:
      - @ConditionalOnMissingBean (types: io.github.resilience4j.timelimiter.event.TimeLimiterEvent; SearchStrategy: all) did not find any beans (OnBeanCondition)

   TimeLimiterAutoConfiguration.TimeLimiterAutoEndpointConfiguration matched:
      - @ConditionalOnClass found required class 'org.springframework.boot.actuate.endpoint.annotation.Endpoint' (OnClassCondition)

   TimeLimiterMetricsAutoConfiguration matched:
      - @ConditionalOnClass found required classes 'io.micrometer.core.instrument.MeterRegistry', 'io.github.resilience4j.timelimiter.TimeLimiter', 'io.github.resilience4j.micrometer.tagged.TaggedTimeLimiterMetricsPublisher' (OnClassCondition)
      - @ConditionalOnProperty (resilience4j.timelimiter.metrics.enabled) matched (OnPropertyCondition)

   TimeLimiterMetricsAutoConfiguration#taggedTimeLimiterMetricsPublisher matched:
      - @ConditionalOnProperty (resilience4j.timelimiter.metrics.legacy.enabled=false) matched (OnPropertyCondition)
      - @ConditionalOnBean (types: io.micrometer.core.instrument.MeterRegistry; SearchStrategy: all) found bean 'prometheusMeterRegistry'; @ConditionalOnMissingBean (types: io.github.resilience4j.micrometer.tagged.TaggedTimeLimiterMetricsPublisher; SearchStrategy: all) did not find any beans (OnBeanCondition)

   TimeLimiterRefreshScopedRegistryAutoConfiguration matched:
      - @ConditionalOnClass found required classes 'io.github.resilience4j.timelimiter.TimeLimiter', 'org.springframework.cloud.context.config.annotation.RefreshScope' (OnClassCondition)
      - @ConditionalOnBean (types: org.springframework.cloud.context.scope.refresh.RefreshScope; SearchStrategy: all) found bean 'refreshScope' (OnBeanCondition)

   TimeLimiterRefreshScopedRegistryAutoConfiguration#timeLimiterRegistry matched:
      - @ConditionalOnMissingBean (types: io.github.resilience4j.timelimiter.TimeLimiterRegistry; SearchStrategy: all) did not find any beans (OnBeanCondition)

   TimerAutoConfiguration matched:
      - @ConditionalOnClass found required class 'io.github.resilience4j.micrometer.Timer' (OnClassCondition)

   TimerAutoConfiguration#timerAspect matched:
      - @ConditionalOnMissingBean (types: io.github.resilience4j.spring6.micrometer.configure.TimerAspect; SearchStrategy: all) did not find any beans (OnBeanCondition)

   TimerAutoConfiguration#timerEventsConsumerRegistry matched:
      - @ConditionalOnMissingBean (types: io.github.resilience4j.micrometer.event.TimerEvent; SearchStrategy: all) did not find any beans (OnBeanCondition)

   TimerAutoConfiguration#timerRegistry matched:
      - @ConditionalOnMissingBean (types: io.github.resilience4j.micrometer.TimerRegistry; SearchStrategy: all) did not find any beans (OnBeanCondition)

   TimerAutoConfiguration.TimerAutoEndpointConfiguration matched:
      - @ConditionalOnClass found required class 'org.springframework.boot.actuate.endpoint.annotation.Endpoint' (OnClassCondition)

   TomcatMetricsAutoConfiguration matched:
      - @ConditionalOnClass found required classes 'io.micrometer.core.instrument.binder.tomcat.TomcatMetrics', 'org.apache.catalina.Manager', 'io.micrometer.core.instrument.MeterRegistry' (OnClassCondition)
      - @ConditionalOnWebApplication (required) found 'session' scope (OnWebApplicationCondition)

   TomcatMetricsAutoConfiguration#tomcatMetricsBinder matched:
      - @ConditionalOnBean (types: io.micrometer.core.instrument.MeterRegistry; SearchStrategy: all) found bean 'prometheusMeterRegistry'; @ConditionalOnMissingBean (types: io.micrometer.core.instrument.binder.tomcat.TomcatMetrics,org.springframework.boot.tomcat.metrics.TomcatMetricsBinder; SearchStrategy: all) did not find any beans (OnBeanCondition)

   TomcatServletWebServerAutoConfiguration matched:
      - @ConditionalOnClass found required classes 'jakarta.servlet.ServletRequest', 'org.apache.catalina.startup.Tomcat', 'org.apache.coyote.UpgradeProtocol', 'org.springframework.boot.tomcat.servlet.TomcatServletWebServerFactory' (OnClassCondition)
      - found 'session' scope (OnWebApplicationCondition)

   TomcatServletWebServerAutoConfiguration#tomcatServletWebServerFactory matched:
      - @ConditionalOnMissingBean (types: org.springframework.boot.web.server.servlet.ServletWebServerFactory; SearchStrategy: current) did not find any beans (OnBeanCondition)

   TomcatWebServerConfiguration matched:
      - @ConditionalOnWarDeployment the application is not deployed as a WAR file. (OnWarDeploymentCondition)

   TomcatWebServerConfiguration.TomcatWebSocketConfiguration matched:
      - @ConditionalOnClass found required class 'org.apache.tomcat.websocket.server.WsSci' (OnClassCondition)

   TransactionAutoConfiguration matched:
      - @ConditionalOnClass found required class 'org.springframework.transaction.PlatformTransactionManager' (OnClassCondition)

   TransactionAutoConfiguration.EnableTransactionManagementConfiguration matched:
      - @ConditionalOnBean (types: org.springframework.transaction.TransactionManager; SearchStrategy: all) found bean 'transactionManager'; @ConditionalOnMissingBean (types: org.springframework.transaction.annotation.AbstractTransactionManagementConfiguration; SearchStrategy: all) did not find any beans (OnBeanCondition)

   TransactionAutoConfiguration.EnableTransactionManagementConfiguration.CglibAutoProxyConfiguration matched:
      - @ConditionalOnBooleanProperty (spring.aop.proxy-target-class=true) matched (OnPropertyCondition)

   TransactionAutoConfiguration.TransactionTemplateConfiguration matched:
      - @ConditionalOnSingleCandidate (types: org.springframework.transaction.PlatformTransactionManager; SearchStrategy: all) found a single bean 'transactionManager' (OnBeanCondition)

   TransactionAutoConfiguration.TransactionTemplateConfiguration#transactionTemplate matched:
      - @ConditionalOnMissingBean (types: org.springframework.transaction.support.TransactionOperations; SearchStrategy: all) did not find any beans (OnBeanCondition)

   TransactionManagerCustomizationAutoConfiguration matched:
      - @ConditionalOnClass found required class 'org.springframework.transaction.PlatformTransactionManager' (OnClassCondition)

   TransactionManagerCustomizationAutoConfiguration#platformTransactionManagerCustomizers matched:
      - @ConditionalOnMissingBean (types: org.springframework.boot.transaction.autoconfigure.TransactionManagerCustomizers; SearchStrategy: all) did not find any beans (OnBeanCondition)

   UserDetailsServiceAutoConfiguration matched:
      - @ConditionalOnClass found required class 'org.springframework.security.authentication.AuthenticationManager' (OnClassCondition)
      - found 'session' scope (OnWebApplicationCondition)
      - AnyNestedCondition 1 matched 2 did not; NestedCondition on MissingAlternativeUserDetailsManagerOrUserPropertiesConfigured.PasswordConfigured @ConditionalOnProperty (spring.security.user.password) did not find property 'spring.security.user.password'; NestedCondition on MissingAlternativeUserDetailsManagerOrUserPropertiesConfigured.NameConfigured @ConditionalOnProperty (spring.security.user.name) did not find property 'spring.security.user.name'; NestedCondition on MissingAlternativeUserDetailsManagerOrUserPropertiesConfigured.MissingAlternative @ConditionalOnMissingClass did not find unwanted classes 'org.springframework.security.oauth2.client.registration.ClientRegistrationRepository', 'org.springframework.security.oauth2.server.resource.introspection.OpaqueTokenIntrospector', 'org.springframework.security.saml2.provider.service.registration.RelyingPartyRegistrationRepository' (MissingAlternativeUserDetailsManagerOrUserPropertiesConfigured)
      - @ConditionalOnMissingBean (types: org.springframework.security.authentication.AuthenticationManager,org.springframework.security.authentication.AuthenticationProvider,org.springframework.security.core.userdetails.UserDetailsService,org.springframework.security.authentication.AuthenticationManagerResolver,org.springframework.security.oauth2.jwt.JwtDecoder; SearchStrategy: all) did not find any beans (OnBeanCondition)

   UtilAutoConfiguration matched:
      - @ConditionalOnProperty (spring.cloud.util.enabled) matched (OnPropertyCondition)

   UtilAutoConfiguration#inetUtils matched:
      - @ConditionalOnMissingBean (types: org.springframework.cloud.commons.util.InetUtils; SearchStrategy: all) did not find any beans (OnBeanCondition)

   ValidationAutoConfiguration matched:
      - @ConditionalOnClass found required class 'jakarta.validation.executable.ExecutableValidator' (OnClassCondition)
      - @ConditionalOnResource found location classpath:META-INF/services/jakarta.validation.spi.ValidationProvider (OnResourceCondition)

   ValidationAutoConfiguration#defaultValidator matched:
      - @ConditionalOnMissingBean (types: jakarta.validation.Validator; SearchStrategy: all) did not find any beans (OnBeanCondition)

   ValidationAutoConfiguration#methodValidationPostProcessor matched:
      - @ConditionalOnMissingBean (types: org.springframework.validation.beanvalidation.MethodValidationPostProcessor; SearchStrategy: current) did not find any beans (OnBeanCondition)

   WebEndpointAutoConfiguration matched:
      - @ConditionalOnWebApplication (required) found 'session' scope (OnWebApplicationCondition)

   WebEndpointAutoConfiguration#controllerEndpointDiscoverer matched:
      - @ConditionalOnMissingBean (types: org.springframework.boot.actuate.endpoint.web.annotation.ControllerEndpointsSupplier; SearchStrategy: all) did not find any beans (OnBeanCondition)

   WebEndpointAutoConfiguration#endpointMediaTypes matched:
      - @ConditionalOnMissingBean (types: org.springframework.boot.actuate.endpoint.web.EndpointMediaTypes; SearchStrategy: all) did not find any beans (OnBeanCondition)

   WebEndpointAutoConfiguration#pathMappedEndpoints matched:
      - @ConditionalOnMissingBean (types: org.springframework.boot.actuate.endpoint.web.PathMappedEndpoints; SearchStrategy: all) did not find any beans (OnBeanCondition)

   WebEndpointAutoConfiguration#webEndpointDiscoverer matched:
      - @ConditionalOnMissingBean (types: org.springframework.boot.actuate.endpoint.web.WebEndpointsSupplier; SearchStrategy: all) did not find any beans (OnBeanCondition)

   WebEndpointAutoConfiguration.WebEndpointServletConfiguration matched:
      - found 'session' scope (OnWebApplicationCondition)

   WebEndpointAutoConfiguration.WebEndpointServletConfiguration#servletEndpointDiscoverer matched:
      - @ConditionalOnMissingBean (types: org.springframework.boot.actuate.endpoint.web.annotation.ServletEndpointsSupplier; SearchStrategy: all) did not find any beans (OnBeanCondition)

   WebMvcAutoConfiguration matched:
      - @ConditionalOnClass found required classes 'jakarta.servlet.Servlet', 'org.springframework.web.servlet.DispatcherServlet', 'org.springframework.web.servlet.config.annotation.WebMvcConfigurer' (OnClassCondition)
      - found 'session' scope (OnWebApplicationCondition)
      - @ConditionalOnMissingBean (types: org.springframework.web.servlet.config.annotation.WebMvcConfigurationSupport; SearchStrategy: all) did not find any beans (OnBeanCondition)

   WebMvcAutoConfiguration#formContentFilter matched:
      - @ConditionalOnBooleanProperty (spring.mvc.formcontent.filter.enabled=true) matched (OnPropertyCondition)
      - @ConditionalOnMissingBean (types: org.springframework.web.filter.FormContentFilter; SearchStrategy: all) did not find any beans (OnBeanCondition)

   WebMvcAutoConfiguration.EnableWebMvcConfiguration#flashMapManager matched:
      - @ConditionalOnMissingBean (names: flashMapManager; SearchStrategy: all) did not find any beans (OnBeanCondition)

   WebMvcAutoConfiguration.EnableWebMvcConfiguration#localeResolver matched:
      - @ConditionalOnMissingBean (names: localeResolver; SearchStrategy: all) did not find any beans (OnBeanCondition)

   WebMvcAutoConfiguration.EnableWebMvcConfiguration#viewNameTranslator matched:
      - @ConditionalOnMissingBean (names: viewNameTranslator; SearchStrategy: all) did not find any beans (OnBeanCondition)

   WebMvcAutoConfiguration.ResourceChainCustomizerConfiguration matched:
      - @ConditionalOnEnabledResourceChain found class org.webjars.WebJarVersionLocator (OnEnabledResourceChainCondition)

   WebMvcAutoConfiguration.WebMvcAutoConfigurationAdapter#defaultViewResolver matched:
      - @ConditionalOnMissingBean (types: org.springframework.web.servlet.view.InternalResourceViewResolver; SearchStrategy: all) did not find any beans (OnBeanCondition)

   WebMvcAutoConfiguration.WebMvcAutoConfigurationAdapter#requestContextFilter matched:
      - @ConditionalOnMissingBean (types: org.springframework.web.context.request.RequestContextListener,org.springframework.web.filter.RequestContextFilter; SearchStrategy: all) did not find any beans (OnBeanCondition)

   WebMvcAutoConfiguration.WebMvcAutoConfigurationAdapter#viewResolver matched:
      - @ConditionalOnBean (types: org.springframework.web.servlet.ViewResolver; SearchStrategy: all) found beans 'defaultViewResolver', 'beanNameViewResolver', 'mvcViewResolver'; @ConditionalOnMissingBean (names: viewResolver types: org.springframework.web.servlet.view.ContentNegotiatingViewResolver; SearchStrategy: all) did not find any beans (OnBeanCondition)

   WebMvcEndpointManagementContextConfiguration matched:
      - found 'session' scope (OnWebApplicationCondition)
      - @ConditionalOnBean (types: org.springframework.web.servlet.DispatcherServlet,org.springframework.boot.actuate.endpoint.web.WebEndpointsSupplier; SearchStrategy: all) found beans 'webEndpointDiscoverer', 'dispatcherServlet' (OnBeanCondition)

   WebMvcEndpointManagementContextConfiguration#controllerEndpointHandlerMapping matched:
      - @ConditionalOnMissingBean (types: org.springframework.boot.webmvc.actuate.endpoint.web.ControllerEndpointHandlerMapping; SearchStrategy: all) did not find any beans (OnBeanCondition)

   WebMvcEndpointManagementContextConfiguration#endpointJackson2ObjectMapperWebMvcConfigurer matched:
      - @ConditionalOnBean (types: org.springframework.boot.actuate.endpoint.jackson.EndpointJackson2ObjectMapper; SearchStrategy: all) found bean 'jackson2EndpointJsonMapper' (OnBeanCondition)

   WebMvcEndpointManagementContextConfiguration#endpointJsonMapperWebMvcConfigurer matched:
      - @ConditionalOnBean (types: org.springframework.boot.actuate.endpoint.jackson.EndpointJsonMapper; SearchStrategy: all) found bean 'endpointJsonMapper' (OnBeanCondition)

   WebMvcEndpointManagementContextConfiguration#webEndpointServletHandlerMapping matched:
      - @ConditionalOnMissingBean (types: org.springframework.boot.webmvc.actuate.endpoint.web.WebMvcEndpointHandlerMapping; SearchStrategy: all) did not find any beans (OnBeanCondition)

   WebMvcEndpointManagementContextConfiguration.HealthConfiguration matched:
      - @ConditionalOnClass found required class 'org.springframework.boot.health.actuate.endpoint.HealthEndpoint' (OnClassCondition)

   WebMvcHealthEndpointExtensionAutoConfiguration matched:
      - @ConditionalOnClass found required class 'org.springframework.boot.health.actuate.endpoint.HealthEndpoint' (OnClassCondition)
      - found 'session' scope (OnWebApplicationCondition)
      - @ConditionalOnAvailableEndpoint marked as exposed by a 'management.endpoints.web.exposure' property (OnAvailableEndpointCondition)
      - @ConditionalOnBean (types: org.springframework.boot.health.actuate.endpoint.HealthEndpoint,org.springframework.boot.actuate.endpoint.web.WebEndpointsSupplier,org.springframework.boot.health.actuate.endpoint.HealthEndpointGroups; SearchStrategy: all) found beans 'webEndpointDiscoverer', 'healthEndpoint', 'healthEndpointGroups' (OnBeanCondition)

   WebMvcObservationAutoConfiguration matched:
      - @ConditionalOnClass found required classes 'org.springframework.web.servlet.DispatcherServlet', 'io.micrometer.observation.Observation', 'org.springframework.boot.micrometer.observation.autoconfigure.ObservationProperties' (OnClassCondition)
      - found 'session' scope (OnWebApplicationCondition)
      - @ConditionalOnBean (types: io.micrometer.observation.ObservationRegistry; SearchStrategy: all) found bean 'observationRegistry' (OnBeanCondition)

   WebMvcObservationAutoConfiguration#webMvcObservationFilter matched:
      - @ConditionalOnMissingBean (types: org.springframework.web.filter.ServerHttpObservationFilter; SearchStrategy: all) did not find any beans (OnBeanCondition)

   WebMvcObservationAutoConfiguration.MeterFilterConfiguration matched:
      - @ConditionalOnClass found required classes 'io.micrometer.core.instrument.MeterRegistry', 'org.springframework.boot.micrometer.metrics.autoconfigure.MetricsProperties' (OnClassCondition)
      - @ConditionalOnBean (types: io.micrometer.core.instrument.MeterRegistry; SearchStrategy: all) found bean 'prometheusMeterRegistry' (OnBeanCondition)


Negative matches:
-----------------

   AopAutoConfiguration.AspectJAutoProxyingConfiguration.JdkDynamicAutoProxyConfiguration:
      Did not match:
         - @ConditionalOnBooleanProperty (spring.aop.proxy-target-class=false) did not find property 'spring.aop.proxy-target-class' (OnPropertyCondition)

   AopAutoConfiguration.ClassProxyingConfiguration:
      Did not match:
         - @ConditionalOnMissingClass found unwanted class 'org.aspectj.weaver.Advice' (OnClassCondition)

   AppOpticsMetricsExportAutoConfiguration:
      Did not match:
         - @ConditionalOnClass did not find required class 'io.micrometer.appoptics.AppOpticsMeterRegistry' (OnClassCondition)

   AtlasMetricsExportAutoConfiguration:
      Did not match:
         - @ConditionalOnClass did not find required class 'io.micrometer.atlas.AtlasMeterRegistry' (OnClassCondition)

   AuditAutoConfiguration:
      Did not match:
         - @ConditionalOnBean (types: org.springframework.boot.actuate.audit.AuditEventRepository; SearchStrategy: all) did not find any beans of type org.springframework.boot.actuate.audit.AuditEventRepository (OnBeanCondition)
      Matched:
         - @ConditionalOnBooleanProperty (management.auditevents.enabled=true) matched (OnPropertyCondition)

   AuditEventsEndpointAutoConfiguration:
      Did not match:
         - @ConditionalOnAvailableEndpoint not exposed (OnAvailableEndpointCondition)

   AvailabilityHealthContributorAutoConfiguration#livenessStateHealthIndicator:
      Did not match:
         - @ConditionalOnBooleanProperty (management.health.livenessstate.enabled=true) did not find property 'management.health.livenessstate.enabled' (OnPropertyCondition)

   AvailabilityHealthContributorAutoConfiguration#readinessStateHealthIndicator:
      Did not match:
         - @ConditionalOnBooleanProperty (management.health.readinessstate.enabled=true) did not find property 'management.health.readinessstate.enabled' (OnPropertyCondition)

   BeansEndpointAutoConfiguration:
      Did not match:
         - @ConditionalOnAvailableEndpoint not exposed (OnAvailableEndpointCondition)

   BulkheadAutoConfiguration:
      Did not match:
         - @ConditionalOnClass did not find required class 'io.github.resilience4j.bulkhead.Bulkhead' (OnClassCondition)

   BulkheadMetricsAutoConfiguration:
      Did not match:
         - @ConditionalOnClass did not find required class 'io.github.resilience4j.bulkhead.Bulkhead' (OnClassCondition)

   BulkheadRefreshScopedRegistryAutoConfiguration:
      Did not match:
         - @ConditionalOnClass did not find required class 'io.github.resilience4j.bulkhead.Bulkhead' (OnClassCondition)

   CircuitBreakerAutoConfiguration#circuitBreakerRegistry:
      Did not match:
         - @ConditionalOnMissingBean (types: io.github.resilience4j.circuitbreaker.CircuitBreakerRegistry; SearchStrategy: all) found beans of type 'io.github.resilience4j.circuitbreaker.CircuitBreakerRegistry' circuitBreakerRegistry (OnBeanCondition)

   CircuitBreakerAutoConfiguration.CircuitBreakerEndpointAutoConfiguration#circuitBreakerEndpoint:
      Did not match:
         - @ConditionalOnAvailableEndpoint not exposed (OnAvailableEndpointCondition)

   CircuitBreakerAutoConfiguration.CircuitBreakerEndpointAutoConfiguration#circuitBreakerEventsEndpoint:
      Did not match:
         - @ConditionalOnAvailableEndpoint not exposed (OnAvailableEndpointCondition)

   CircuitBreakerMetricsAutoConfiguration#registerCircuitBreakerMetrics:
      Did not match:
         - @ConditionalOnProperty (resilience4j.circuitbreaker.metrics.legacy.enabled=true) did not find property 'resilience4j.circuitbreaker.metrics.legacy.enabled' (OnPropertyCondition)

   CircuitBreakerStreamEventsAutoConfiguration:
      Did not match:
         - @ConditionalOnClass did not find required class 'io.github.resilience4j.reactor.adapter.ReactorAdapter' (OnClassCondition)

   CircuitBreakersHealthIndicatorAutoConfiguration#circuitBreakersHealthIndicator:
      Did not match:
         - @ConditionalOnProperty (management.health.circuitbreakers.enabled) did not find property 'enabled' (OnPropertyCondition)

   CloudHypermediaAutoConfiguration:
      Did not match:
         - @ConditionalOnClass did not find required class 'org.springframework.hateoas.Link' (OnClassCondition)

   CommonsClientAutoConfiguration.ActuatorConfiguration#featuresEndpoint:
      Did not match:
         - @ConditionalOnAvailableEndpoint not exposed (OnAvailableEndpointCondition)

   CommonsClientAutoConfiguration.ReactiveCircuitBreakerInterfaceClientsAutoConfiguration:
      Did not match:
         - @ConditionalOnClass did not find required class 'org.springframework.web.reactive.function.client.support.WebClientHttpServiceGroupConfigurer' (OnClassCondition)

   CompatibilityVerifierAutoConfiguration:
      Did not match:
         - @ConditionalOnProperty (spring.cloud.compatibility-verifier.enabled) found different value in property 'spring.cloud.compatibility-verifier.enabled' (OnPropertyCondition)

   CompositeMeterRegistryConfiguration:
      Did not match:
         - NoneNestedConditions 1 matched 1 did not; NestedCondition on CompositeMeterRegistryConfiguration.MultipleNonPrimaryMeterRegistriesCondition.SingleInjectableMeterRegistry @ConditionalOnSingleCandidate (types: io.micrometer.core.instrument.MeterRegistry; SearchStrategy: all) found a single bean 'prometheusMeterRegistry'; NestedCondition on CompositeMeterRegistryConfiguration.MultipleNonPrimaryMeterRegistriesCondition.NoMeterRegistryCondition @ConditionalOnMissingBean (types: io.micrometer.core.instrument.MeterRegistry; SearchStrategy: all) found beans of type 'io.micrometer.core.instrument.MeterRegistry' prometheusMeterRegistry (CompositeMeterRegistryConfiguration.MultipleNonPrimaryMeterRegistriesCondition)

   ConditionsReportEndpointAutoConfiguration:
      Did not match:
         - @ConditionalOnAvailableEndpoint not exposed (OnAvailableEndpointCondition)

   ConfigurationPropertiesReportEndpointAutoConfiguration:
      Did not match:
         - @ConditionalOnAvailableEndpoint not exposed (OnAvailableEndpointCondition)

   ContextAwareScheduledThreadPoolAutoConfiguration:
      Did not match:
         - @ConditionalOnProperty (resilience4j.scheduled.executor.core-pool-size) did not find property 'resilience4j.scheduled.executor.core-pool-size' (OnPropertyCondition)

   DataJpaRepositoriesAutoConfiguration#entityManagerFactoryBootstrapExecutorCustomizer:
      Did not match:
         - @ConditionalOnProperty (spring.data.jpa.repositories.bootstrap-mode=deferred) did not find property 'spring.data.jpa.repositories.bootstrap-mode' (OnPropertyCondition)

   DataSourceAutoConfiguration.EmbeddedDatabaseConfiguration:
      Did not match:
         - EmbeddedDataSource spring.datasource.url is set (DataSourceAutoConfiguration.EmbeddedDatabaseCondition)

   DataSourceCheckpointRestoreConfiguration:
      Did not match:
         - @ConditionalOnClass did not find required class 'org.crac.Resource' (OnClassCondition)

   DataSourceConfiguration.Dbcp2:
      Did not match:
         - @ConditionalOnClass did not find required class 'org.apache.commons.dbcp2.BasicDataSource' (OnClassCondition)

   DataSourceConfiguration.Generic:
      Did not match:
         - @ConditionalOnProperty (spring.datasource.type) did not find property 'spring.datasource.type' (OnPropertyCondition)

   DataSourceConfiguration.OracleUcp:
      Did not match:
         - @ConditionalOnClass did not find required classes 'oracle.ucp.jdbc.PoolDataSourceImpl', 'oracle.jdbc.OracleConnection' (OnClassCondition)

   DataSourceConfiguration.Tomcat:
      Did not match:
         - @ConditionalOnClass did not find required class 'org.apache.tomcat.jdbc.pool.DataSource' (OnClassCondition)

   DataSourceJmxConfiguration:
      Did not match:
         - @ConditionalOnBooleanProperty (spring.jmx.enabled=true) did not find property 'spring.jmx.enabled' (OnPropertyCondition)

   DataSourcePoolMetadataProvidersConfiguration.CommonsDbcp2PoolDataSourceMetadataProviderConfiguration:
      Did not match:
         - @ConditionalOnClass did not find required class 'org.apache.commons.dbcp2.BasicDataSource' (OnClassCondition)

   DataSourcePoolMetadataProvidersConfiguration.OracleUcpPoolDataSourceMetadataProviderConfiguration:
      Did not match:
         - @ConditionalOnClass did not find required classes 'oracle.ucp.jdbc.PoolDataSource', 'oracle.jdbc.OracleConnection' (OnClassCondition)

   DataSourcePoolMetadataProvidersConfiguration.TomcatDataSourcePoolMetadataProviderConfiguration:
      Did not match:
         - @ConditionalOnClass did not find required class 'org.apache.tomcat.jdbc.pool.DataSource' (OnClassCondition)

   DataSourceTransactionManagerAutoConfiguration.JdbcTransactionManagerConfiguration#transactionManager:
      Did not match:
         - @ConditionalOnMissingBean (types: org.springframework.transaction.TransactionManager; SearchStrategy: all) found beans of type 'org.springframework.transaction.TransactionManager' transactionManager (OnBeanCondition)

   DatadogMetricsExportAutoConfiguration:
      Did not match:
         - @ConditionalOnClass did not find required class 'io.micrometer.datadog.DatadogMeterRegistry' (OnClassCondition)

   DispatcherServletAutoConfiguration.DispatcherServletConfiguration#multipartResolver:
      Did not match:
         - @ConditionalOnBean (types: org.springframework.web.multipart.MultipartResolver; SearchStrategy: all) did not find any beans of type org.springframework.web.multipart.MultipartResolver (OnBeanCondition)

   DynatraceMetricsExportAutoConfiguration:
      Did not match:
         - @ConditionalOnClass did not find required class 'io.micrometer.dynatrace.DynatraceMeterRegistry' (OnClassCondition)

   ElasticMetricsExportAutoConfiguration:
      Did not match:
         - @ConditionalOnClass did not find required class 'io.micrometer.elastic.ElasticMeterRegistry' (OnClassCondition)

   EnvironmentEndpointAutoConfiguration:
      Did not match:
         - @ConditionalOnAvailableEndpoint not exposed (OnAvailableEndpointCondition)

   GangliaMetricsExportAutoConfiguration:
      Did not match:
         - @ConditionalOnClass did not find required class 'io.micrometer.ganglia.GangliaMeterRegistry' (OnClassCondition)

   GraphiteMetricsExportAutoConfiguration:
      Did not match:
         - @ConditionalOnClass did not find required class 'io.micrometer.graphite.GraphiteMeterRegistry' (OnClassCondition)

   GsonHttpMessageConvertersConfiguration:
      Did not match:
         - @ConditionalOnClass did not find required class 'com.google.gson.Gson' (OnClassCondition)

   HealthContributorRegistryAutoConfiguration.ReactiveHealthContributorRegistryConfiguration:
      Did not match:
         - @ConditionalOnClass did not find required class 'reactor.core.publisher.Flux' (OnClassCondition)

   HealthEndpointReactiveWebExtensionConfiguration:
      Did not match:
         - did not find reactive web application classes (OnWebApplicationCondition)

   HeapDumpWebEndpointAutoConfiguration:
      Did not match:
         - @ConditionalOnAvailableEndpoint the configured access for endpoint 'heapdump' is NONE (OnAvailableEndpointCondition)

   HibernateMetricsAutoConfiguration:
      Did not match:
         - @ConditionalOnClass did not find required class 'org.hibernate.orm.micrometer.HibernateMetrics' (OnClassCondition)

   HttpExchangesEndpointAutoConfiguration:
      Did not match:
         - @ConditionalOnAvailableEndpoint not exposed (OnAvailableEndpointCondition)

   HumioMetricsExportAutoConfiguration:
      Did not match:
         - @ConditionalOnClass did not find required class 'io.micrometer.humio.HumioMeterRegistry' (OnClassCondition)

   InfluxMetricsExportAutoConfiguration:
      Did not match:
         - @ConditionalOnClass did not find required class 'io.micrometer.influx.InfluxMeterRegistry' (OnClassCondition)

   InfoContributorAutoConfiguration#buildInfoContributor:
      Did not match:
         - @ConditionalOnSingleCandidate (types: org.springframework.boot.info.BuildProperties; SearchStrategy: all) did not find any beans (OnBeanCondition)
      Matched:
         - @ConditionalOnEnabledInfoContributor management.info.defaults.enabled is considered true (OnEnabledInfoContributorCondition)

   InfoContributorAutoConfiguration#envInfoContributor:
      Did not match:
         - @ConditionalOnEnabledInfoContributor management.info.env.enabled is not true (OnEnabledInfoContributorCondition)

   InfoContributorAutoConfiguration#gitInfoContributor:
      Did not match:
         - @ConditionalOnSingleCandidate (types: org.springframework.boot.info.GitProperties; SearchStrategy: all) did not find any beans (OnBeanCondition)
      Matched:
         - @ConditionalOnEnabledInfoContributor management.info.defaults.enabled is considered true (OnEnabledInfoContributorCondition)

   InfoContributorAutoConfiguration#javaInfoContributor:
      Did not match:
         - @ConditionalOnEnabledInfoContributor management.info.java.enabled is not true (OnEnabledInfoContributorCondition)

   InfoContributorAutoConfiguration#osInfoContributor:
      Did not match:
         - @ConditionalOnEnabledInfoContributor management.info.os.enabled is not true (OnEnabledInfoContributorCondition)

   InfoContributorAutoConfiguration#processInfoContributor:
      Did not match:
         - @ConditionalOnEnabledInfoContributor management.info.process.enabled is not true (OnEnabledInfoContributorCondition)

   InfoContributorAutoConfiguration#sslInfo:
      Did not match:
         - @ConditionalOnEnabledInfoContributor management.info.ssl.enabled is not true (OnEnabledInfoContributorCondition)
      Matched:
         - @ConditionalOnMissingBean (types: org.springframework.boot.info.SslInfo; SearchStrategy: all) did not find any beans (OnBeanCondition)

   InfoContributorAutoConfiguration#sslInfoContributor:
      Did not match:
         - @ConditionalOnEnabledInfoContributor management.info.ssl.enabled is not true (OnEnabledInfoContributorCondition)

   InfoEndpointAutoConfiguration:
      Did not match:
         - @ConditionalOnAvailableEndpoint not exposed (OnAvailableEndpointCondition)

   Jackson2HttpMessageConvertersConfiguration.MappingJackson2HttpMessageConverterConfiguration:
      Did not match:
         - AnyNestedCondition 0 matched 2 did not; NestedCondition on Jackson2HttpMessageConvertersConfiguration.PreferJackson2OrJacksonUnavailableCondition.JacksonUnavailable @ConditionalOnMissingBean (types: org.springframework.boot.http.converter.autoconfigure.JacksonHttpMessageConvertersConfiguration$JacksonJsonHttpMessageConvertersCustomizer; SearchStrategy: all) found beans of type 'org.springframework.boot.http.converter.autoconfigure.JacksonHttpMessageConvertersConfiguration$JacksonJsonHttpMessageConvertersCustomizer' jacksonJsonHttpMessageConvertersCustomizer; NestedCondition on Jackson2HttpMessageConvertersConfiguration.PreferJackson2OrJacksonUnavailableCondition.Jackson2Preferred @ConditionalOnProperty (spring.http.converters.preferred-json-mapper=jackson2) did not find property 'spring.http.converters.preferred-json-mapper' (Jackson2HttpMessageConvertersConfiguration.PreferJackson2OrJacksonUnavailableCondition)
      Matched:
         - @ConditionalOnClass found required class 'com.fasterxml.jackson.databind.ObjectMapper' (OnClassCondition)

   Jackson2HttpMessageConvertersConfiguration.MappingJackson2XmlHttpMessageConverterConfiguration:
      Did not match:
         - @ConditionalOnClass did not find required class 'com.fasterxml.jackson.dataformat.xml.XmlMapper' (OnClassCondition)

   JacksonAutoConfiguration.CborConfiguration:
      Did not match:
         - @ConditionalOnClass did not find required class 'tools.jackson.dataformat.cbor.CBORMapper' (OnClassCondition)

   JacksonAutoConfiguration.XmlConfiguration:
      Did not match:
         - @ConditionalOnClass did not find required class 'tools.jackson.dataformat.xml.XmlMapper' (OnClassCondition)

   JacksonHttpMessageConvertersConfiguration.JacksonXmlHttpMessageConverterConfiguration:
      Did not match:
         - @ConditionalOnClass did not find required class 'tools.jackson.dataformat.xml.XmlMapper' (OnClassCondition)

   JmxAutoConfiguration:
      Did not match:
         - @ConditionalOnBooleanProperty (spring.jmx.enabled=true) did not find property 'spring.jmx.enabled' (OnPropertyCondition)
      Matched:
         - @ConditionalOnClass found required class 'org.springframework.jmx.export.MBeanExporter' (OnClassCondition)

   JmxEndpointAutoConfiguration:
      Did not match:
         - @ConditionalOnBooleanProperty (spring.jmx.enabled=true) did not find property 'spring.jmx.enabled' (OnPropertyCondition)

   JmxMetricsExportAutoConfiguration:
      Did not match:
         - @ConditionalOnClass did not find required class 'io.micrometer.jmx.JmxMeterRegistry' (OnClassCondition)

   JndiDataSourceAutoConfiguration:
      Did not match:
         - @ConditionalOnProperty (spring.datasource.jndi-name) did not find property 'spring.datasource.jndi-name' (OnPropertyCondition)
      Matched:
         - @ConditionalOnClass found required classes 'javax.sql.DataSource', 'org.springframework.jdbc.datasource.embedded.EmbeddedDatabaseType' (OnClassCondition)

   JndiJtaConfiguration:
      Did not match:
         - @ConditionalOnJndi JNDI environment is not available (OnJndiCondition)
      Matched:
         - @ConditionalOnClass found required class 'org.springframework.transaction.jta.JtaTransactionManager' (OnClassCondition)

   JsonbHttpMessageConvertersConfiguration:
      Did not match:
         - @ConditionalOnClass did not find required class 'jakarta.json.bind.Jsonb' (OnClassCondition)

   JvmMetricsAutoConfiguration.VirtualThreadMetricsConfiguration:
      Did not match:
         - @ConditionalOnClass did not find required class 'io.micrometer.java21.instrument.binder.jdk.VirtualThreadMetrics' (OnClassCondition)

   KairosMetricsExportAutoConfiguration:
      Did not match:
         - @ConditionalOnClass did not find required class 'io.micrometer.kairos.KairosMeterRegistry' (OnClassCondition)

   KotlinSerializationHttpMessageConvertersConfiguration:
      Did not match:
         - @ConditionalOnClass did not find required classes 'kotlinx.serialization.Serializable', 'kotlinx.serialization.json.Json' (OnClassCondition)

   LazyConnectionDataSourceConfiguration:
      Did not match:
         - @ConditionalOnProperty (spring.datasource.connection-fetch=lazy) did not find property 'spring.datasource.connection-fetch' (OnPropertyCondition)

   LoadBalancerAutoConfiguration:
      Did not match:
         - @ConditionalOnBean (types: org.springframework.cloud.client.loadbalancer.LoadBalancerClient; SearchStrategy: all) did not find any beans of type org.springframework.cloud.client.loadbalancer.LoadBalancerClient (OnBeanCondition)
      Matched:
         - AnyNestedCondition 2 matched 0 did not; NestedCondition on BlockingRestClassesPresentCondition.RestClientPresent @ConditionalOnClass found required class 'org.springframework.web.client.RestClient'; NestedCondition on BlockingRestClassesPresentCondition.RestTemplatePresent @ConditionalOnClass found required class 'org.springframework.web.client.RestTemplate' (BlockingRestClassesPresentCondition)

   LoadBalancerAutoConfiguration.DeferringLoadBalancerInterceptorHttpClientConfig:
      Did not match:
         - @ConditionalOnClass did not find required class 'org.springframework.boot.http.client.autoconfigure.service.HttpServiceClientProperties' (OnClassCondition)
         - Ancestor org.springframework.cloud.client.loadbalancer.LoadBalancerAutoConfiguration did not match (ConditionEvaluationReport.AncestorsMatchedCondition)

   LoadBalancerAutoConfiguration.DeferringLoadBalancerInterceptorRestTemplateBuilderConfig:
      Did not match:
         - @ConditionalOnClass did not find required class 'org.springframework.boot.restclient.RestTemplateBuilder' (OnClassCondition)
         - Ancestor org.springframework.cloud.client.loadbalancer.LoadBalancerAutoConfiguration did not match (ConditionEvaluationReport.AncestorsMatchedCondition)

   LoadBalancerAutoConfiguration.RetryAutoConfiguration:
      Did not match:
         - @ConditionalOnClass did not find required class 'org.springframework.retry.support.RetryTemplate' (OnClassCondition)
         - Ancestor org.springframework.cloud.client.loadbalancer.LoadBalancerAutoConfiguration did not match (ConditionEvaluationReport.AncestorsMatchedCondition)

   LoadBalancerAutoConfiguration.RetryInterceptorAutoConfiguration:
      Did not match:
         - @ConditionalOnClass did not find required class 'org.springframework.retry.support.RetryTemplate' (OnClassCondition)
         - Ancestor org.springframework.cloud.client.loadbalancer.LoadBalancerAutoConfiguration did not match (ConditionEvaluationReport.AncestorsMatchedCondition)

   LoadBalancerBeanPostProcessorAutoConfiguration:
      Did not match:
         - @ConditionalOnClass did not find required class 'org.springframework.web.reactive.function.client.WebClient' (OnClassCondition)

   Log4J2MetricsAutoConfiguration:
      Did not match:
         - @ConditionalOnClass did not find required class 'org.apache.logging.log4j.core.LoggerContext' (OnClassCondition)

   LogFileWebEndpointAutoConfiguration:
      Did not match:
         - @ConditionalOnAvailableEndpoint not exposed (OnAvailableEndpointCondition)

   LoggersEndpointAutoConfiguration:
      Did not match:
         - @ConditionalOnAvailableEndpoint not exposed (OnAvailableEndpointCondition)

   ManagementContextAutoConfiguration.DifferentManagementContextConfiguration:
      Did not match:
         - Management Port actual port type (SAME) did not match required type (DIFFERENT) (OnManagementPortCondition)

   ManagementWebSecurityAutoConfiguration:
      Did not match:
         - AllNestedConditions 1 matched 1 did not; NestedCondition on DefaultWebSecurityCondition.Beans @ConditionalOnMissingBean (types: org.springframework.security.web.SecurityFilterChain; SearchStrategy: all) found beans of type 'org.springframework.security.web.SecurityFilterChain' securityFilterChain; NestedCondition on DefaultWebSecurityCondition.Classes @ConditionalOnClass found required classes 'org.springframework.security.web.SecurityFilterChain', 'org.springframework.security.config.annotation.web.builders.HttpSecurity' (DefaultWebSecurityCondition)
      Matched:
         - @ConditionalOnClass found required classes 'org.springframework.security.web.util.matcher.RequestMatcher', 'org.springframework.boot.actuate.autoconfigure.endpoint.web.WebEndpointAutoConfiguration' (OnClassCondition)
         - found 'session' scope (OnWebApplicationCondition)

   MappingsEndpointAutoConfiguration:
      Did not match:
         - @ConditionalOnAvailableEndpoint not exposed (OnAvailableEndpointCondition)

   MessageSourceAutoConfiguration:
      Did not match:
         - ResourceBundle did not find bundle with basename messages (MessageSourceAutoConfiguration.ResourceBundleCondition)

   MetricsAspectsAutoConfiguration:
      Did not match:
         - @ConditionalOnBooleanProperty (management.observations.annotations.enabled=true) did not find property 'management.observations.annotations.enabled' (OnPropertyCondition)
      Matched:
         - @ConditionalOnClass found required classes 'io.micrometer.core.instrument.MeterRegistry', 'org.aspectj.weaver.Advice' (OnClassCondition)

   MetricsEndpointAutoConfiguration:
      Did not match:
         - @ConditionalOnAvailableEndpoint not exposed (OnAvailableEndpointCondition)
      Matched:
         - @ConditionalOnClass found required classes 'org.springframework.boot.actuate.autoconfigure.endpoint.condition.ConditionalOnAvailableEndpoint', 'io.micrometer.core.annotation.Timed' (OnClassCondition)

   MultipleOpenApiSupportConfiguration:
      Did not match:
         - AnyNestedCondition 0 matched 2 did not; NestedCondition on MultipleOpenApiSupportCondition.OnActuatorDifferentPort found non-matching nested conditions Management Port actual port type (SAME) did not match required type (DIFFERENT), @ConditionalOnProperty (springdoc.show-actuator) did not find property 'springdoc.show-actuator'; NestedCondition on MultipleOpenApiSupportCondition.OnMultipleOpenApiSupportCondition AnyNestedCondition 0 matched 3 did not; NestedCondition on MultipleOpenApiGroupsCondition.OnListGroupedOpenApiBean @ConditionalOnBean (types: org.springdoc.core.models.GroupedOpenApi; SearchStrategy: all) did not find any beans of type org.springdoc.core.models.GroupedOpenApi; NestedCondition on MultipleOpenApiGroupsCondition.OnGroupConfigProperty @ConditionalOnProperty (springdoc.group-configs[0].group) did not find property 'springdoc.group-configs[0].group'; NestedCondition on MultipleOpenApiGroupsCondition.OnGroupedOpenApiBean @ConditionalOnBean (types: org.springdoc.core.models.GroupedOpenApi; SearchStrategy: all) did not find any beans of type org.springdoc.core.models.GroupedOpenApi (MultipleOpenApiSupportCondition)
      Matched:
         - found 'session' scope (OnWebApplicationCondition)
         - @ConditionalOnProperty (springdoc.api-docs.enabled) matched (OnPropertyCondition)

   MultipleOpenApiSupportConfiguration.SpringDocWebMvcActuatorDifferentConfiguration:
      Did not match:
         - Management Port actual port type (SAME) did not match required type (DIFFERENT) (OnManagementPortCondition)
         - Ancestor org.springdoc.webmvc.core.configuration.MultipleOpenApiSupportConfiguration did not match (ConditionEvaluationReport.AncestorsMatchedCondition)
      Matched:
         - @ConditionalOnClass found required class 'org.springframework.boot.webmvc.actuate.endpoint.web.WebMvcEndpointHandlerMapping' (OnClassCondition)

   NewRelicMetricsExportAutoConfiguration:
      Did not match:
         - @ConditionalOnClass did not find required class 'io.micrometer.newrelic.NewRelicMeterRegistry' (OnClassCondition)

   NoOpMeterRegistryConfiguration:
      Did not match:
         - @ConditionalOnMissingBean (types: io.micrometer.core.instrument.MeterRegistry; SearchStrategy: all) found beans of type 'io.micrometer.core.instrument.MeterRegistry' prometheusMeterRegistry (OnBeanCondition)

   ObservationAutoConfiguration.ObservedAspectConfiguration:
      Did not match:
         - @ConditionalOnBooleanProperty (management.observations.annotations.enabled=true) did not find property 'management.observations.annotations.enabled' (OnPropertyCondition)
      Matched:
         - @ConditionalOnClass found required class 'org.aspectj.weaver.Advice' (OnClassCondition)

   OtlpMetricsExportAutoConfiguration:
      Did not match:
         - @ConditionalOnClass did not find required class 'io.micrometer.registry.otlp.OtlpMeterRegistry' (OnClassCondition)

   PauseResumeEndpointsConfiguration#pauseEndpoint:
      Did not match:
         - @ConditionalOnBean (types: org.springframework.cloud.context.restart.RestartEndpoint; SearchStrategy: all) did not find any beans of type org.springframework.cloud.context.restart.RestartEndpoint (OnBeanCondition)

   PauseResumeEndpointsConfiguration#resumeEndpoint:
      Did not match:
         - @ConditionalOnBean (types: org.springframework.cloud.context.restart.RestartEndpoint; SearchStrategy: all) did not find any beans of type org.springframework.cloud.context.restart.RestartEndpoint (OnBeanCondition)

   ProjectInfoAutoConfiguration#buildProperties:
      Did not match:
         - @ConditionalOnResource did not find resource '${spring.info.build.location:classpath:META-INF/build-info.properties}' (OnResourceCondition)

   ProjectInfoAutoConfiguration#gitProperties:
      Did not match:
         - GitResource did not find git info at classpath:git.properties (ProjectInfoAutoConfiguration.GitResourceAvailableCondition)

   PrometheusMetricsExportAutoConfiguration.PrometheusPushGatewayConfiguration:
      Did not match:
         - @ConditionalOnClass did not find required class 'io.prometheus.metrics.exporter.pushgateway.PushGateway' (OnClassCondition)

   RSocketSecurityAutoConfiguration:
      Did not match:
         - @ConditionalOnClass did not find required class 'org.springframework.boot.rsocket.server.RSocketServerCustomizer' (OnClassCondition)

   RateLimiterAutoConfiguration#rateLimiterRegistry:
      Did not match:
         - @ConditionalOnMissingBean (types: io.github.resilience4j.ratelimiter.RateLimiterRegistry; SearchStrategy: all) found beans of type 'io.github.resilience4j.ratelimiter.RateLimiterRegistry' rateLimiterRegistry (OnBeanCondition)

   RateLimiterAutoConfiguration.RateLimiterEndpointAutoConfiguration#rateLimiterEndpoint:
      Did not match:
         - @ConditionalOnAvailableEndpoint not exposed (OnAvailableEndpointCondition)

   RateLimiterAutoConfiguration.RateLimiterEndpointAutoConfiguration#rateLimiterEventsEndpoint:
      Did not match:
         - @ConditionalOnAvailableEndpoint not exposed (OnAvailableEndpointCondition)

   RateLimiterMetricsAutoConfiguration#registerRateLimiterMetrics:
      Did not match:
         - @ConditionalOnProperty (resilience4j.ratelimiter.metrics.legacy.enabled=true) did not find property 'resilience4j.ratelimiter.metrics.legacy.enabled' (OnPropertyCondition)

   RateLimitersHealthIndicatorAutoConfiguration#rateLimitersHealthIndicator:
      Did not match:
         - @ConditionalOnProperty (management.health.ratelimiters.enabled) did not find property 'enabled' (OnPropertyCondition)

   ReactiveCommonsClientAutoConfiguration.ReactiveDiscoveryLoadBalancerConfiguration:
      Did not match:
         - @ConditionalOnClass did not find required class 'org.springframework.web.reactive.function.client.WebClient' (OnClassCondition)

   ReactiveCompositeDiscoveryClientAutoConfiguration:
      Did not match:
         - @ConditionalOnClass did not find required class 'org.springframework.web.reactive.function.client.WebClient' (OnClassCondition)

   ReactiveManagementWebSecurityAutoConfiguration:
      Did not match:
         - @ConditionalOnWebApplication did not find reactive web application classes (OnWebApplicationCondition)

   ReactiveResilience4JAutoConfiguration:
      Did not match:
         - @ConditionalOnClass did not find required classes 'reactor.core.publisher.Mono', 'reactor.core.publisher.Flux', 'io.github.resilience4j.reactor.circuitbreaker.operator.CircuitBreakerOperator' (OnClassCondition)

   ReactiveUserDetailsServiceAutoConfiguration:
      Did not match:
         - AnyNestedCondition 0 matched 2 did not; NestedCondition on ReactiveUserDetailsServiceAutoConfiguration.RSocketEnabledOrReactiveWebApplication.ReactiveWebApplicationCondition did not find reactive web application classes; NestedCondition on ReactiveUserDetailsServiceAutoConfiguration.RSocketEnabledOrReactiveWebApplication.RSocketSecurityEnabledCondition @ConditionalOnBean (types: org.springframework.messaging.rsocket.annotation.support.RSocketMessageHandler; SearchStrategy: all) did not find any beans of type org.springframework.messaging.rsocket.annotation.support.RSocketMessageHandler (ReactiveUserDetailsServiceAutoConfiguration.RSocketEnabledOrReactiveWebApplication)
      Matched:
         - @ConditionalOnClass found required class 'org.springframework.security.authentication.ReactiveAuthenticationManager' (OnClassCondition)
         - AnyNestedCondition 1 matched 2 did not; NestedCondition on MissingAlternativeUserDetailsManagerOrUserPropertiesConfigured.PasswordConfigured @ConditionalOnProperty (spring.security.user.password) did not find property 'spring.security.user.password'; NestedCondition on MissingAlternativeUserDetailsManagerOrUserPropertiesConfigured.NameConfigured @ConditionalOnProperty (spring.security.user.name) did not find property 'spring.security.user.name'; NestedCondition on MissingAlternativeUserDetailsManagerOrUserPropertiesConfigured.MissingAlternative @ConditionalOnMissingClass did not find unwanted classes 'org.springframework.security.oauth2.client.registration.ClientRegistrationRepository', 'org.springframework.security.oauth2.server.resource.introspection.OpaqueTokenIntrospector', 'org.springframework.security.saml2.provider.service.registration.RelyingPartyRegistrationRepository' (MissingAlternativeUserDetailsManagerOrUserPropertiesConfigured)

   ReactiveWebSecurityAutoConfiguration:
      Did not match:
         - @ConditionalOnClass did not find required class 'reactor.core.publisher.Flux' (OnClassCondition)

   ReactorLoadBalancerClientAutoConfiguration:
      Did not match:
         - @ConditionalOnClass did not find required class 'org.springframework.web.reactive.function.client.WebClient' (OnClassCondition)

   RefreshAutoConfiguration#legacyContextRefresher:
      Did not match:
         - AnyNestedCondition 0 matched 3 did not; NestedCondition on ConditionalOnBootstrapEnabled.OnBootstrapEnabledCondition.OnBootstrapEnabled @ConditionalOnProperty (spring.cloud.bootstrap.enabled) did not find property 'spring.cloud.bootstrap.enabled'; NestedCondition on ConditionalOnBootstrapEnabled.OnBootstrapEnabledCondition.OnUseLegacyProcessingEnabled @ConditionalOnProperty (spring.config.use-legacy-processing) did not find property 'spring.config.use-legacy-processing'; NestedCondition on ConditionalOnBootstrapEnabled.OnBootstrapEnabledCondition.OnBootstrapMarkerClassPresent @ConditionalOnClass did not find required class 'org.springframework.cloud.bootstrap.marker.Marker' (ConditionalOnBootstrapEnabled.OnBootstrapEnabledCondition)

   RefreshEndpointAutoConfiguration.RefreshEndpointConfiguration#refreshEndpoint:
      Did not match:
         - @ConditionalOnAvailableEndpoint not exposed (OnAvailableEndpointCondition)
      Matched:
         - @ConditionalOnBean (types: org.springframework.cloud.context.refresh.ContextRefresher; SearchStrategy: all) found bean 'configDataContextRefresher'; @ConditionalOnMissingBean (types: org.springframework.cloud.endpoint.RefreshEndpoint; SearchStrategy: all) did not find any beans (OnBeanCondition)

   Resilience4JAutoConfiguration.MicrometerResilience4JCustomizerConfiguration:
      Did not match:
         - @ConditionalOnMissingBean (types: io.github.resilience4j.micrometer.tagged.TaggedCircuitBreakerMetricsPublisher; SearchStrategy: all) found beans of type 'io.github.resilience4j.micrometer.tagged.TaggedCircuitBreakerMetricsPublisher' taggedCircuitBreakerMetricsPublisher (OnBeanCondition)
      Matched:
         - @ConditionalOnClass found required classes 'io.github.resilience4j.micrometer.tagged.TaggedCircuitBreakerMetrics', 'io.github.resilience4j.micrometer.tagged.TaggedCircuitBreakerMetricsPublisher' (OnClassCondition)

   Resilience4JAutoConfiguration.Resilience4jBulkheadConfiguration:
      Did not match:
         - @ConditionalOnClass did not find required class 'io.github.resilience4j.bulkhead.Bulkhead' (OnClassCondition)

   RestartEndpointWithIntegrationConfiguration:
      Did not match:
         - @ConditionalOnClass did not find required class 'org.springframework.integration.monitor.IntegrationMBeanExporter' (OnClassCondition)

   RestartEndpointWithoutIntegrationConfiguration#restartEndpointWithoutIntegration:
      Did not match:
         - @ConditionalOnAvailableEndpoint the configured access for endpoint 'restart' is NONE (OnAvailableEndpointCondition)

   RetryAutoConfiguration#retryRegistry:
      Did not match:
         - @ConditionalOnMissingBean (types: io.github.resilience4j.retry.RetryRegistry; SearchStrategy: all) found beans of type 'io.github.resilience4j.retry.RetryRegistry' retryRegistry (OnBeanCondition)

   RetryAutoConfiguration.RetryAutoEndpointConfiguration#retryEndpoint:
      Did not match:
         - @ConditionalOnAvailableEndpoint not exposed (OnAvailableEndpointCondition)

   RetryAutoConfiguration.RetryAutoEndpointConfiguration#retryEventsEndpoint:
      Did not match:
         - @ConditionalOnAvailableEndpoint not exposed (OnAvailableEndpointCondition)

   RetryMetricsAutoConfiguration#registerRetryMetrics:
      Did not match:
         - @ConditionalOnProperty (resilience4j.retry.metrics.legacy.enabled=true) did not find property 'resilience4j.retry.metrics.legacy.enabled' (OnPropertyCondition)

   SbomEndpointAutoConfiguration:
      Did not match:
         - @ConditionalOnAvailableEndpoint not exposed (OnAvailableEndpointCondition)

   ScheduledTasksEndpointAutoConfiguration:
      Did not match:
         - @ConditionalOnAvailableEndpoint not exposed (OnAvailableEndpointCondition)

   SecurityAutoConfiguration.SecurityDataConfiguration:
      Did not match:
         - @ConditionalOnClass did not find required class 'org.springframework.security.data.repository.query.SecurityEvaluationContextExtension' (OnClassCondition)

   SecurityRequestMatchersManagementContextConfiguration.JerseyRequestMatcherConfiguration:
      Did not match:
         - @ConditionalOnClass did not find required class 'org.glassfish.jersey.server.ResourceConfig' (OnClassCondition)

   ServiceRegistryAutoConfiguration.ServiceRegistryEndpointConfiguration:
      Did not match:
         - @ConditionalOnBean (types: org.springframework.cloud.client.serviceregistry.ServiceRegistry; SearchStrategy: all) did not find any beans of type org.springframework.cloud.client.serviceregistry.ServiceRegistry (OnBeanCondition)
      Matched:
         - @ConditionalOnClass found required class 'org.springframework.boot.actuate.endpoint.annotation.Endpoint' (OnClassCondition)

   ServletHttpExchangesAutoConfiguration:
      Did not match:
         - @ConditionalOnBean (types: org.springframework.boot.actuate.web.exchanges.HttpExchangeRepository; SearchStrategy: all) did not find any beans of type org.springframework.boot.actuate.web.exchanges.HttpExchangeRepository (OnBeanCondition)
      Matched:
         - found 'session' scope (OnWebApplicationCondition)
         - @ConditionalOnBooleanProperty (management.httpexchanges.recording.enabled=true) matched (OnPropertyCondition)

   ServletManagementContextAutoConfiguration.ApplicationContextFilterConfiguration:
      Did not match:
         - @ConditionalOnBooleanProperty (management.server.add-application-context-header=true) did not find property 'management.server.add-application-context-header' (OnPropertyCondition)

   ServletMappingsAutoConfiguration:
      Did not match:
         - @ConditionalOnAvailableEndpoint not exposed (OnAvailableEndpointCondition)
      Matched:
         - @ConditionalOnClass found required classes 'org.springframework.boot.actuate.autoconfigure.endpoint.condition.ConditionalOnAvailableEndpoint', 'org.springframework.boot.actuate.web.mappings.MappingsEndpoint' (OnClassCondition)
         - found 'session' scope (OnWebApplicationCondition)

   ServletWebSecurityAutoConfiguration.EnableWebSecurityConfiguration:
      Did not match:
         - @ConditionalOnMissingBean (names: springSecurityFilterChain; SearchStrategy: all) found beans named springSecurityFilterChain (OnBeanCondition)
      Matched:
         - @ConditionalOnClass found required class 'org.springframework.security.config.annotation.web.configuration.EnableWebSecurity' (OnClassCondition)

   ServletWebSecurityAutoConfiguration.SecurityFilterChainConfiguration:
      Did not match:
         - AllNestedConditions 1 matched 1 did not; NestedCondition on DefaultWebSecurityCondition.Beans @ConditionalOnMissingBean (types: org.springframework.security.web.SecurityFilterChain; SearchStrategy: all) found beans of type 'org.springframework.security.web.SecurityFilterChain' securityFilterChain; NestedCondition on DefaultWebSecurityCondition.Classes @ConditionalOnClass found required classes 'org.springframework.security.web.SecurityFilterChain', 'org.springframework.security.config.annotation.web.builders.HttpSecurity' (DefaultWebSecurityCondition)

   ServletWebServerConfiguration#forwardedHeaderFilter:
      Did not match:
         - @ConditionalOnProperty (server.forward-headers-strategy=framework) did not find property 'server.forward-headers-strategy' (OnPropertyCondition)

   ShutdownEndpointAutoConfiguration:
      Did not match:
         - @ConditionalOnAvailableEndpoint the configured access for endpoint 'shutdown' is NONE (OnAvailableEndpointCondition)

   SimpleDiscoveryClientConfigurations.StandardSimpleDiscoveryClientConfiguration:
      Did not match:
         - @ConditionalOnMissingClass found unwanted class 'org.springframework.boot.web.server.context.WebServerInitializedEvent' (OnClassCondition)

   SimpleMetricsExportAutoConfiguration:
      Did not match:
         - @ConditionalOnMissingBean (types: io.micrometer.core.instrument.MeterRegistry; SearchStrategy: all) found beans of type 'io.micrometer.core.instrument.MeterRegistry' prometheusMeterRegistry (OnBeanCondition)
      Matched:
         - @ConditionalOnEnabledMetricsExport management.defaults.metrics.export.enabled is considered true (OnMetricsExportEnabledCondition)

   SimpleReactiveDiscoveryClientAutoConfiguration:
      Did not match:
         - @ConditionalOnClass did not find required class 'org.springframework.web.reactive.function.client.WebClient' (OnClassCondition)

   SpringApplicationAdminJmxAutoConfiguration:
      Did not match:
         - @ConditionalOnBooleanProperty (spring.application.admin.enabled=true) did not find property 'spring.application.admin.enabled' (OnPropertyCondition)

   SpringDocConfiguration#jsonNullableSupportConverter:
      Did not match:
         - @ConditionalOnClass did not find required class 'org.openapitools.jackson.nullable.JsonNullable' (OnClassCondition)

   SpringDocConfiguration#oas31ModelConverter:
      Did not match:
         - @ConditionalOnProperty (springdoc.explicit-object-schema=true) did not find property 'springdoc.explicit-object-schema' (OnPropertyCondition)

   SpringDocConfiguration#propertiesResolverForSchema:
      Did not match:
         - @ConditionalOnProperty (springdoc.api-docs.resolve-schema-properties) did not find property 'springdoc.api-docs.resolve-schema-properties' (OnPropertyCondition)

   SpringDocConfiguration#propertyCustomizingConverter:
      Did not match:
         - @ConditionalOnBean (types: org.springdoc.core.customizers.PropertyCustomizer; SearchStrategy: all) did not find any beans of type org.springdoc.core.customizers.PropertyCustomizer (OnBeanCondition)

   SpringDocConfiguration#springdocBeanFactoryPostProcessor:
      Did not match:
         - AnyNestedCondition 0 matched 2 did not; NestedCondition on CacheOrGroupedOpenApiCondition.OnCacheDisabled found non-matching nested conditions @ConditionalOnProperty (springdoc.cache.disabled) did not find property 'springdoc.cache.disabled'; NestedCondition on CacheOrGroupedOpenApiCondition.OnMultipleOpenApiSupportCondition AnyNestedCondition 0 matched 2 did not; NestedCondition on MultipleOpenApiSupportCondition.OnActuatorDifferentPort found non-matching nested conditions Management Port actual port type (SAME) did not match required type (DIFFERENT), @ConditionalOnProperty (springdoc.show-actuator) did not find property 'springdoc.show-actuator'; NestedCondition on MultipleOpenApiSupportCondition.OnMultipleOpenApiSupportCondition AnyNestedCondition 0 matched 3 did not; NestedCondition on MultipleOpenApiGroupsCondition.OnListGroupedOpenApiBean @ConditionalOnBean (types: org.springdoc.core.models.GroupedOpenApi; SearchStrategy: all) did not find any beans of type org.springdoc.core.models.GroupedOpenApi; NestedCondition on MultipleOpenApiGroupsCondition.OnGroupConfigProperty @ConditionalOnProperty (springdoc.group-configs[0].group) did not find property 'springdoc.group-configs[0].group'; NestedCondition on MultipleOpenApiGroupsCondition.OnGroupedOpenApiBean @ConditionalOnBean (types: org.springdoc.core.models.GroupedOpenApi; SearchStrategy: all) did not find any beans of type org.springdoc.core.models.GroupedOpenApi (CacheOrGroupedOpenApiCondition)
      Matched:
         - @ConditionalOnClass found required class 'org.springframework.boot.context.properties.bind.BindResult' (OnClassCondition)

   SpringDocConfiguration#springdocBeanFactoryPostProcessor2:
      Did not match:
         - @ConditionalOnMissingClass found unwanted class 'org.springframework.boot.context.properties.bind.BindResult' (OnClassCondition)

   SpringDocConfiguration.SpringDocActuatorConfiguration:
      Did not match:
         - @ConditionalOnProperty (springdoc.show-actuator) did not find property 'springdoc.show-actuator' (OnPropertyCondition)
      Matched:
         - @ConditionalOnClass found required class 'org.springframework.boot.actuate.autoconfigure.endpoint.web.WebEndpointProperties' (OnClassCondition)

   SpringDocConfiguration.SpringDocRepositoryRestConfiguration:
      Did not match:
         - @ConditionalOnClass did not find required class 'org.springframework.data.rest.core.config.RepositoryRestConfiguration' (OnClassCondition)

   SpringDocConfiguration.SpringDocWebFluxSupportConfiguration:
      Did not match:
         - @ConditionalOnClass did not find required class 'reactor.core.publisher.Flux' (OnClassCondition)

   SpringDocDataRestConfiguration:
      Did not match:
         - @ConditionalOnClass did not find required class 'org.springframework.data.rest.core.config.RepositoryRestConfiguration' (OnClassCondition)

   SpringDocFunctionCatalogConfiguration:
      Did not match:
         - @ConditionalOnClass did not find required class 'org.springframework.cloud.function.web.function.FunctionEndpointInitializer' (OnClassCondition)

   SpringDocGroovyConfiguration:
      Did not match:
         - @ConditionalOnClass did not find required class 'groovy.lang.MetaClass' (OnClassCondition)

   SpringDocHateoasConfiguration:
      Did not match:
         - @ConditionalOnClass did not find required class 'org.springframework.hateoas.server.LinkRelationProvider' (OnClassCondition)

   SpringDocJacksonKotlinModuleConfiguration:
      Did not match:
         - @ConditionalOnClass did not find required class 'com.fasterxml.jackson.module.kotlin.KotlinModule' (OnClassCondition)

   SpringDocJavadocConfiguration:
      Did not match:
         - @ConditionalOnClass did not find required class 'com.github.therapi.runtimejavadoc.CommentFormatter' (OnClassCondition)

   SpringDocKotlinConfiguration:
      Did not match:
         - @ConditionalOnClass did not find required class 'kotlin.coroutines.Continuation' (OnClassCondition)

   SpringDocKotlinxConfiguration:
      Did not match:
         - @ConditionalOnClass did not find required class 'kotlinx.coroutines.flow.Flow' (OnClassCondition)

   SpringDocSecurityConfiguration.SpringDocSecurityOAuth2ClientConfiguration:
      Did not match:
         - @ConditionalOnClass did not find required class 'org.springframework.security.oauth2.client.annotation.RegisteredOAuth2AuthorizedClient' (OnClassCondition)

   SpringDocSecurityConfiguration.SpringDocSecurityOAuth2Configuration:
      Did not match:
         - @ConditionalOnClass did not find required class 'org.springframework.security.oauth2.server.authorization.OAuth2AuthorizationService' (OnClassCondition)

   SpringDocSecurityConfiguration.SpringSecurityLoginEndpointConfiguration#springSecurityLoginEndpointCustomizer:
      Did not match:
         - @ConditionalOnProperty (springdoc.show-login-endpoint) did not find property 'springdoc.show-login-endpoint' (OnPropertyCondition)

   SpringDocSortConfiguration#dataRestDelegatingMethodParameterCustomizer:
      Did not match:
         - @ConditionalOnMissingBean (types: org.springdoc.core.customizers.DataRestDelegatingMethodParameterCustomizer; SearchStrategy: all) found beans of type 'org.springdoc.core.customizers.DataRestDelegatingMethodParameterCustomizer' dataRestDelegatingMethodParameterCustomizer (OnBeanCondition)

   SpringDocWebMvcConfiguration.SpringDocWebMvcActuatorConfiguration#actuatorProvider:
      Did not match:
         - @ConditionalOnExpression (#{${springdoc.show-actuator:false} or ${springdoc.use-management-port:false}}) resulted in false (OnExpressionCondition)

   SpringDocWebMvcConfiguration.SpringDocWebMvcActuatorConfiguration#openApiActuatorResource:
      Did not match:
         - @ConditionalOnExpression (#{${springdoc.use-management-port:false} and ${springdoc.enable-default-api-docs:true}}) resulted in false (OnExpressionCondition)

   SpringDocWebServerConfiguration.DeployedWebServerConfiguration:
      Did not match:
         - @ConditionalOnMissingClass found unwanted classes 'org.springframework.boot.web.server.context.WebServerInitializedEvent', 'org.springframework.boot.web.server.autoconfigure.ServerProperties' (OnClassCondition)

   StackdriverMetricsExportAutoConfiguration:
      Did not match:
         - @ConditionalOnClass did not find required class 'io.micrometer.stackdriver.StackdriverMeterRegistry' (OnClassCondition)

   StartupEndpointAutoConfiguration:
      Did not match:
         - ApplicationStartup configured applicationStartup is of type class org.springframework.core.metrics.DefaultApplicationStartup, expected BufferingApplicationStartup. (StartupEndpointAutoConfiguration.ApplicationStartupCondition)

   StatsdMetricsExportAutoConfiguration:
      Did not match:
         - @ConditionalOnClass did not find required class 'io.micrometer.statsd.StatsdMeterRegistry' (OnClassCondition)

   SwaggerConfig#springWebProvider:
      Did not match:
         - @ConditionalOnMissingBean (types: org.springdoc.core.providers.SpringWebProvider; SearchStrategy: all) found beans of type 'org.springdoc.core.providers.SpringWebProvider' springWebProvider (OnBeanCondition)

   SwaggerConfig#swaggerUiHome:
      Did not match:
         - @ConditionalOnProperty (springdoc.swagger-ui.use-root-path=true) did not find property 'springdoc.swagger-ui.use-root-path' (OnPropertyCondition)

   SwaggerConfig.SwaggerActuatorWelcomeConfiguration:
      Did not match:
         - @ConditionalOnProperty (springdoc.use-management-port) did not find property 'springdoc.use-management-port' (OnPropertyCondition)
      Matched:
         - @ConditionalOnClass found required class 'org.springframework.boot.webmvc.actuate.endpoint.web.WebMvcEndpointHandlerMapping' (OnClassCondition)

   TaskExecutorConfigurations.AsyncConfigurerWrapperConfiguration:
      Did not match:
         - @ConditionalOnBean (types: org.springframework.scheduling.annotation.AsyncConfigurer; SearchStrategy: all) did not find any beans of type org.springframework.scheduling.annotation.AsyncConfigurer (OnBeanCondition)

   TaskExecutorConfigurations.SimpleAsyncTaskExecutorBuilderConfiguration#simpleAsyncTaskExecutorBuilderVirtualThreads:
      Did not match:
         - @ConditionalOnMissingBean (types: org.springframework.boot.task.SimpleAsyncTaskExecutorBuilder; SearchStrategy: all) found beans of type 'org.springframework.boot.task.SimpleAsyncTaskExecutorBuilder' simpleAsyncTaskExecutorBuilder (OnBeanCondition)

   TaskExecutorConfigurations.TaskExecutorConfiguration#applicationTaskExecutorVirtualThreads:
      Did not match:
         - @ConditionalOnThreading did not find VIRTUAL (OnThreadingCondition)

   TaskExecutorConfigurations.TaskExecutorContextPropagationConfiguration:
      Did not match:
         - @ConditionalOnClass did not find required class 'io.micrometer.context.ContextSnapshot' (OnClassCondition)

   TaskSchedulingAutoConfiguration#scheduledBeanLazyInitializationExcludeFilter:
      Did not match:
         - @ConditionalOnBean (names: org.springframework.scheduling.config.internalScheduledAnnotationProcessor; SearchStrategy: all) did not find any beans named org.springframework.scheduling.config.internalScheduledAnnotationProcessor (OnBeanCondition)

   TaskSchedulingConfigurations.SimpleAsyncTaskSchedulerBuilderConfiguration#simpleAsyncTaskSchedulerBuilderVirtualThreads:
      Did not match:
         - @ConditionalOnMissingBean (types: org.springframework.boot.task.SimpleAsyncTaskSchedulerBuilder; SearchStrategy: all) found beans of type 'org.springframework.boot.task.SimpleAsyncTaskSchedulerBuilder' simpleAsyncTaskSchedulerBuilder (OnBeanCondition)

   TaskSchedulingConfigurations.TaskSchedulerConfiguration:
      Did not match:
         - @ConditionalOnBean (names: org.springframework.scheduling.config.internalScheduledAnnotationProcessor; SearchStrategy: all) did not find any beans named org.springframework.scheduling.config.internalScheduledAnnotationProcessor (OnBeanCondition)

   ThreadDumpEndpointAutoConfiguration:
      Did not match:
         - @ConditionalOnAvailableEndpoint not exposed (OnAvailableEndpointCondition)

   ThreadPoolBulkheadMetricsAutoConfiguration:
      Did not match:
         - @ConditionalOnClass did not find required class 'io.github.resilience4j.bulkhead.ThreadPoolBulkhead' (OnClassCondition)

   TimeLimiterAutoConfiguration#timeLimiterRegistry:
      Did not match:
         - @ConditionalOnMissingBean (types: io.github.resilience4j.timelimiter.TimeLimiterRegistry; SearchStrategy: all) found beans of type 'io.github.resilience4j.timelimiter.TimeLimiterRegistry' timeLimiterRegistry (OnBeanCondition)

   TimeLimiterAutoConfiguration.TimeLimiterAutoEndpointConfiguration#timeLimiterEndpoint:
      Did not match:
         - @ConditionalOnAvailableEndpoint not exposed (OnAvailableEndpointCondition)

   TimeLimiterAutoConfiguration.TimeLimiterAutoEndpointConfiguration#timeLimiterEventsEndpoint:
      Did not match:
         - @ConditionalOnAvailableEndpoint not exposed (OnAvailableEndpointCondition)

   TimeLimiterMetricsAutoConfiguration#registerTimeLimiterMetrics:
      Did not match:
         - @ConditionalOnProperty (resilience4j.timelimiter.metrics.legacy.enabled=true) did not find property 'resilience4j.timelimiter.metrics.legacy.enabled' (OnPropertyCondition)

   TimerAutoConfiguration.TimerAutoEndpointConfiguration#timerEndpoint:
      Did not match:
         - @ConditionalOnAvailableEndpoint not exposed (OnAvailableEndpointCondition)

   TimerAutoConfiguration.TimerAutoEndpointConfiguration#timerEventsEndpoint:
      Did not match:
         - @ConditionalOnAvailableEndpoint not exposed (OnAvailableEndpointCondition)

   TomcatReactiveManagementContextAutoConfiguration:
      Did not match:
         - @ConditionalOnWebApplication did not find reactive web application classes (OnWebApplicationCondition)

   TomcatReactiveWebServerAutoConfiguration:
      Did not match:
         - @ConditionalOnWebApplication did not find reactive web application classes (OnWebApplicationCondition)

   TomcatServletManagementContextAutoConfiguration:
      Did not match:
         - Management Port actual port type (SAME) did not match required type (DIFFERENT) (OnManagementPortCondition)
      Matched:
         - @ConditionalOnClass found required class 'org.springframework.boot.actuate.autoconfigure.web.server.ManagementContextFactory' (OnClassCondition)
         - found 'session' scope (OnWebApplicationCondition)

   TomcatServletWebServerAutoConfiguration#tomcatForwardedHeaderFilterCustomizer:
      Did not match:
         - @ConditionalOnProperty (server.forward-headers-strategy=framework) did not find property 'server.forward-headers-strategy' (OnPropertyCondition)

   TomcatWebServerConfiguration#tomcatVirtualThreadsProtocolHandlerCustomizer:
      Did not match:
         - @ConditionalOnThreading did not find VIRTUAL (OnThreadingCondition)

   TransactionAutoConfiguration#transactionalOperator:
      Did not match:
         - @ConditionalOnSingleCandidate (types: org.springframework.transaction.ReactiveTransactionManager; SearchStrategy: all) did not find any beans (OnBeanCondition)

   TransactionAutoConfiguration.AspectJTransactionManagementConfiguration:
      Did not match:
         - @ConditionalOnBean (types: org.springframework.transaction.aspectj.AbstractTransactionAspect; SearchStrategy: all) did not find any beans of type org.springframework.transaction.aspectj.AbstractTransactionAspect (OnBeanCondition)

   TransactionAutoConfiguration.EnableTransactionManagementConfiguration.JdkDynamicAutoProxyConfiguration:
      Did not match:
         - @ConditionalOnBooleanProperty (spring.aop.proxy-target-class=false) did not find property 'spring.aop.proxy-target-class' (OnPropertyCondition)

   WebMvcAutoConfiguration#hiddenHttpMethodFilter:
      Did not match:
         - @ConditionalOnBooleanProperty (spring.mvc.hiddenmethod.filter.enabled=true) did not find property 'spring.mvc.hiddenmethod.filter.enabled' (OnPropertyCondition)

   WebMvcAutoConfiguration.ProblemDetailsErrorHandlingConfiguration:
      Did not match:
         - @ConditionalOnBooleanProperty (spring.mvc.problemdetails.enabled=true) did not find property 'spring.mvc.problemdetails.enabled' (OnPropertyCondition)

   WebMvcAutoConfiguration.WebMvcAutoConfigurationAdapter#beanNameViewResolver:
      Did not match:
         - @ConditionalOnMissingBean (types: org.springframework.web.servlet.view.BeanNameViewResolver; SearchStrategy: all) found beans of type 'org.springframework.web.servlet.view.BeanNameViewResolver' beanNameViewResolver (OnBeanCondition)

   WebMvcEndpointManagementContextConfiguration.HealthConfiguration#managementHealthEndpointWebMvcHandlerMapping:
      Did not match:
         - Management Port actual port type (SAME) did not match required type (DIFFERENT) (OnManagementPortCondition)

   WebMvcMappingsAutoConfiguration:
      Did not match:
         - @ConditionalOnAvailableEndpoint not exposed (OnAvailableEndpointCondition)
      Matched:
         - @ConditionalOnClass found required classes 'org.springframework.boot.actuate.autoconfigure.endpoint.condition.ConditionalOnAvailableEndpoint', 'org.springframework.web.servlet.DispatcherServlet', 'org.springframework.boot.actuate.web.mappings.MappingsEndpoint' (OnClassCondition)
         - found 'session' scope (OnWebApplicationCondition)

   WritableEnvironmentEndpointAutoConfiguration:
      Did not match:
         - @ConditionalOnProperty (management.endpoint.env.post.enabled) did not find property 'management.endpoint.env.post.enabled' (OnPropertyCondition)
      Matched:
         - @ConditionalOnClass found required classes 'org.springframework.boot.actuate.env.EnvironmentEndpoint', 'org.springframework.boot.actuate.autoconfigure.env.EnvironmentEndpointProperties' (OnClassCondition)

   XADataSourceAutoConfiguration:
      Did not match:
         - @ConditionalOnBean (types: org.springframework.boot.jdbc.XADataSourceWrapper; SearchStrategy: all) did not find any beans of type org.springframework.boot.jdbc.XADataSourceWrapper (OnBeanCondition)
      Matched:
         - @ConditionalOnClass found required classes 'javax.sql.DataSource', 'jakarta.transaction.TransactionManager', 'org.springframework.jdbc.datasource.embedded.EmbeddedDatabaseType' (OnClassCondition)


Exclusions:
-----------

    None


Unconditional classes:
----------------------

    org.springframework.boot.health.autoconfigure.registry.HealthContributorRegistryAutoConfiguration

    org.springdoc.core.configuration.SpringDocWebServerConfiguration.EmbeddedWebServerConfiguration

    org.springframework.boot.autoconfigure.context.ConfigurationPropertiesAutoConfiguration

    org.springframework.cloud.client.ReactiveCommonsClientAutoConfiguration

    org.springframework.boot.autoconfigure.ssl.SslAutoConfiguration

    io.github.resilience4j.springboot.verifier.autoconfigure.SpringBoot4VerifierAutoConfiguration

    org.springframework.boot.actuate.autoconfigure.info.InfoContributorAutoConfiguration

    org.springframework.cloud.client.discovery.simple.SimpleDiscoveryClientAutoConfiguration

    org.springframework.boot.autoconfigure.context.PropertyPlaceholderAutoConfiguration

    org.springframework.boot.autoconfigure.context.LifecycleAutoConfiguration

    org.springframework.cloud.client.CommonsClientAutoConfiguration

    org.springframework.boot.actuate.autoconfigure.endpoint.EndpointAutoConfiguration

    org.springframework.cloud.commons.config.CommonsConfigAutoConfiguration

    org.springframework.boot.health.autoconfigure.contributor.HealthContributorAutoConfiguration

    org.springdoc.core.configuration.SpringDocWebServerConfiguration.DeployedWebServerConfiguration

    org.springframework.boot.actuate.autoconfigure.web.server.ManagementContextAutoConfiguration

    org.springframework.cloud.client.loadbalancer.LoadBalancerDefaultMappingsProviderAutoConfiguration

    org.springframework.cloud.client.discovery.composite.CompositeDiscoveryClientAutoConfiguration

    org.springframework.cloud.client.serviceregistry.ServiceRegistryAutoConfiguration

    org.springframework.cloud.autoconfigure.LifecycleMvcEndpointAutoConfiguration

    org.springframework.cloud.circuitbreaker.resilience4j.Resilence4JMetricsOrderingAutoConfiguration

    org.springdoc.core.configuration.SpringDocSpecPropertiesConfiguration

    org.springframework.boot.autoconfigure.availability.ApplicationAvailabilityAutoConfiguration

    org.springframework.boot.autoconfigure.info.ProjectInfoAutoConfiguration



2026-09-30T23:50:36.473-03:00 ERROR 14492 --- [pedido-api] [           main] o.s.boot.SpringApplication               : Application run failed

org.springframework.beans.factory.BeanCreationException: Error creating bean with name 'entityManagerFactory' defined in class path resource [org/springframework/boot/hibernate/autoconfigure/HibernateJpaConfiguration.class]: Unable to build Hibernate SessionFactory  [persistence unit: default] ; nested exception is org.hibernate.tool.schema.spi.SchemaManagementException: Schema validation: missing table [claves_idempotencia]
	at org.springframework.beans.factory.support.AbstractAutowireCapableBeanFactory.initializeBean(AbstractAutowireCapableBeanFactory.java:1815) ~[spring-beans-7.0.9.jar:7.0.9]
	at org.springframework.beans.factory.support.AbstractAutowireCapableBeanFactory.doCreateBean(AbstractAutowireCapableBeanFactory.java:603) ~[spring-beans-7.0.9.jar:7.0.9]
	at org.springframework.beans.factory.support.AbstractAutowireCapableBeanFactory.createBean(AbstractAutowireCapableBeanFactory.java:525) ~[spring-beans-7.0.9.jar:7.0.9]
	at org.springframework.beans.factory.support.AbstractBeanFactory.lambda$doGetBean$0(AbstractBeanFactory.java:333) ~[spring-beans-7.0.9.jar:7.0.9]
	at org.springframework.beans.factory.support.DefaultSingletonBeanRegistry.getSingleton(DefaultSingletonBeanRegistry.java:371) ~[spring-beans-7.0.9.jar:7.0.9]
	at org.springframework.beans.factory.support.AbstractBeanFactory.doGetBean(AbstractBeanFactory.java:331) ~[spring-beans-7.0.9.jar:7.0.9]
	at org.springframework.beans.factory.support.AbstractBeanFactory.getBean(AbstractBeanFactory.java:201) ~[spring-beans-7.0.9.jar:7.0.9]
	at org.springframework.context.support.AbstractApplicationContext.finishBeanFactoryInitialization(AbstractApplicationContext.java:977) ~[spring-context-7.0.9.jar:7.0.9]
	at org.springframework.context.support.AbstractApplicationContext.refresh(AbstractApplicationContext.java:621) ~[spring-context-7.0.9.jar:7.0.9]
	at org.springframework.boot.web.server.servlet.context.ServletWebServerApplicationContext.refresh(ServletWebServerApplicationContext.java:143) ~[spring-boot-web-server-4.1.1.jar:4.1.1]
	at org.springframework.boot.SpringApplication.refresh(SpringApplication.java:756) ~[spring-boot-4.1.1.jar:4.1.1]
	at org.springframework.boot.SpringApplication.refreshContext(SpringApplication.java:445) ~[spring-boot-4.1.1.jar:4.1.1]
	at org.springframework.boot.SpringApplication.run(SpringApplication.java:321) ~[spring-boot-4.1.1.jar:4.1.1]
	at org.springframework.boot.SpringApplication.run(SpringApplication.java:1365) ~[spring-boot-4.1.1.jar:4.1.1]
	at org.springframework.boot.SpringApplication.run(SpringApplication.java:1354) ~[spring-boot-4.1.1.jar:4.1.1]
	at io.github.danielmelejpinto.pedidoapi.PedidoApiApplication.main(PedidoApiApplication.java:10) ~[classes/:na]
Caused by: jakarta.persistence.PersistenceException: Unable to build Hibernate SessionFactory  [persistence unit: default] ; nested exception is org.hibernate.tool.schema.spi.SchemaManagementException: Schema validation: missing table [claves_idempotencia]
	at org.springframework.orm.jpa.AbstractEntityManagerFactoryBean.buildNativeEntityManagerFactory(AbstractEntityManagerFactoryBean.java:448) ~[spring-orm-7.0.9.jar:7.0.9]
	at org.springframework.orm.jpa.AbstractEntityManagerFactoryBean.afterPropertiesSet(AbstractEntityManagerFactoryBean.java:411) ~[spring-orm-7.0.9.jar:7.0.9]
	at org.springframework.orm.jpa.LocalContainerEntityManagerFactoryBean.afterPropertiesSet(LocalContainerEntityManagerFactoryBean.java:419) ~[spring-orm-7.0.9.jar:7.0.9]
	at org.springframework.beans.factory.support.AbstractAutowireCapableBeanFactory.invokeInitMethods(AbstractAutowireCapableBeanFactory.java:1862) ~[spring-beans-7.0.9.jar:7.0.9]
	at org.springframework.beans.factory.support.AbstractAutowireCapableBeanFactory.initializeBean(AbstractAutowireCapableBeanFactory.java:1811) ~[spring-beans-7.0.9.jar:7.0.9]
	... 15 common frames omitted
Caused by: org.hibernate.tool.schema.spi.SchemaManagementException: Schema validation: missing table [claves_idempotencia]
	at org.hibernate.tool.schema.internal.AbstractSchemaValidator.validateTable(AbstractSchemaValidator.java:128) ~[hibernate-core-7.4.5.Final.jar:7.4.5.Final]
	at org.hibernate.tool.schema.internal.GroupedSchemaValidatorImpl.validateTables(GroupedSchemaValidatorImpl.java:42) ~[hibernate-core-7.4.5.Final.jar:7.4.5.Final]
	at org.hibernate.tool.schema.internal.AbstractSchemaValidator.performValidation(AbstractSchemaValidator.java:97) ~[hibernate-core-7.4.5.Final.jar:7.4.5.Final]
	at org.hibernate.tool.schema.internal.AbstractSchemaValidator.doValidation(AbstractSchemaValidator.java:75) ~[hibernate-core-7.4.5.Final.jar:7.4.5.Final]
	at org.hibernate.tool.schema.spi.SchemaManagementToolCoordinator.performDatabaseAction(SchemaManagementToolCoordinator.java:278) ~[hibernate-core-7.4.5.Final.jar:7.4.5.Final]
	at org.hibernate.tool.schema.spi.SchemaManagementToolCoordinator.lambda$process$1(SchemaManagementToolCoordinator.java:101) ~[hibernate-core-7.4.5.Final.jar:7.4.5.Final]
	at java.base/java.util.HashMap.forEach(HashMap.java:1429) ~[na:na]
	at org.hibernate.tool.schema.spi.SchemaManagementToolCoordinator.process(SchemaManagementToolCoordinator.java:100) ~[hibernate-core-7.4.5.Final.jar:7.4.5.Final]
	at org.hibernate.boot.internal.SessionFactoryObserverForSchemaExport.sessionFactoryCreated(SessionFactoryObserverForSchemaExport.java:35) ~[hibernate-core-7.4.5.Final.jar:7.4.5.Final]
	at org.hibernate.internal.SessionFactoryObserverChain.sessionFactoryCreated(SessionFactoryObserverChain.java:33) ~[hibernate-core-7.4.5.Final.jar:7.4.5.Final]
	at org.hibernate.internal.SessionFactoryImpl.<init>(SessionFactoryImpl.java:327) ~[hibernate-core-7.4.5.Final.jar:7.4.5.Final]
	at org.hibernate.internal.SessionFactoryRegistry.instantiateSessionFactory(SessionFactoryRegistry.java:64) ~[hibernate-core-7.4.5.Final.jar:7.4.5.Final]
	at org.hibernate.boot.internal.SessionFactoryBuilderImpl.build(SessionFactoryBuilderImpl.java:458) ~[hibernate-core-7.4.5.Final.jar:7.4.5.Final]
	at org.hibernate.jpa.boot.internal.EntityManagerFactoryBuilderImpl.build(EntityManagerFactoryBuilderImpl.java:1452) ~[hibernate-core-7.4.5.Final.jar:7.4.5.Final]
	at org.springframework.orm.jpa.vendor.SpringHibernateJpaPersistenceProvider.createContainerEntityManagerFactory(SpringHibernateJpaPersistenceProvider.java:93) ~[spring-orm-7.0.9.jar:7.0.9]
	at org.springframework.orm.jpa.LocalContainerEntityManagerFactoryBean.createNativeEntityManagerFactory(LocalContainerEntityManagerFactoryBean.java:443) ~[spring-orm-7.0.9.jar:7.0.9]
	at org.springframework.orm.jpa.AbstractEntityManagerFactoryBean.buildNativeEntityManagerFactory(AbstractEntityManagerFactoryBean.java:436) ~[spring-orm-7.0.9.jar:7.0.9]
	... 19 common frames omitted

[INFO] ------------------------------------------------------------------------
[INFO] BUILD FAILURE
[INFO] ------------------------------------------------------------------------
[INFO] Total time:  2.476 s
[INFO] Finished at: 2026-09-30T23:50:36-03:00
[INFO] ------------------------------------------------------------------------
[ERROR] Failed to execute goal org.springframework.boot:spring-boot-maven-plugin:4.1.1:run (default-cli) on project pedido-api: Process terminated with exit code: 1 -> [Help 1]
[ERROR] 
[ERROR] To see the full stack trace of the errors, re-run Maven with the -e switch.
[ERROR] Re-run Maven using the -X switch to enable full debug logging.
[ERROR] 
[ERROR] For more information about the errors and possible solutions, please read the following articles:
[ERROR] [Help 1] http://cwiki.apache.org/confluence/display/MAVEN/MojoExecutionException
